Nihonotrypaea harmandi,"['Eukaryota', 'Metazoa', 'Ecdysozoa', 'Arthropoda', 'Crustacea', 'Malacostraca', 'Eumalacostraca', 'Eucarida', 'Decapoda', 'Pleocyemata', 'Axiidea', 'Callianassidae', 'Nihonotrypaea']","['Eumalacostraca', 'Eucarida', 'Decapoda', 'Pleocyemata', 'Axiidea', 'Callianassidae', 'Nihonotrypaea']"
Marsupenaeus japonicus,"['Eukaryota', 'Metazoa', 'Ecdysozoa', 'Arthropoda', 'Crustacea', 'Malacostraca', 'Eumalacostraca', 'Eucarida', 'Decapoda', 'Dendrobranchiata', 'Penaeoidea', 'Penaeidae', 'Marsupenaeus']","['Eumalacostraca', 'Eucarida', 'Decapoda', 'Dendrobranchiata', 'Penaeoidea', 'Penaeidae', 'Marsupenaeus']"
Clistocoeloma sinense,"['Eukaryota', 'Metazoa', 'Ecdysozoa', 'Arthropoda', 'Crustacea', 'Malacostraca', 'Eumalacostraca', 'Eucarida', 'Decapoda', 'Pleocyemata', 'Brachyura', 'Eubrachyura', 'Grapsoidea', 'Sesarmidae', 'Clistocoeloma']","['Eumalacostraca', 'Eucarida', 'Decapoda', 'Pleocyemata', 'Brachyura', 'Eubrachyura', 'Grapsoidea', 'Sesarmidae', 'Clistocoeloma']"
Helice latimera,"['Eukaryota', 'Metazoa', 'Ecdysozoa', 'Arthropoda', 'Crustacea', 'Malacostraca', 'Eumalacostraca', 'Eucarida', 'Decapoda', 'Pleocyemata', 'Brachyura', 'Eubrachyura', 'Grapsoidea', 'Varunidae', 'Helice']","['Eumalacostraca', 'Eucarida', 'Decapoda', 'Pleocyemata', 'Brachyura', 'Eubrachyura', 'Grapsoidea', 'Varunidae', 'Helice']"
Potamiscus motuoensis,"['Eukaryota', 'Metazoa', 'Ecdysozoa', 'Arthropoda', 'Crustacea', 'Malacostraca', 'Eumalacostraca', 'Eucarida', 'Decapoda', 'Pleocyemata', 'Brachyura', 'Eubrachyura', 'Potamoidea', 'Potamidae', 'Potamiscus']","['Eumalacostraca', 'Eucarida', 'Decapoda', 'Pleocyemata', 'Brachyura', 'Eubrachyura', 'Potamoidea', 'Potamidae', 'Potamiscus']"
Procambarus acutus,"['Eukaryota', 'Metazoa', 'Ecdysozoa', 'Arthropoda', 'Crustacea', 'Malacostraca', 'Eumalacostraca', 'Eucarida', 'Decapoda', 'Pleocyemata', 'Astacidea', 'Astacoidea', 'Cambaridae', 'Procambarus']","['Eumalacostraca', 'Eucarida', 'Decapoda', 'Pleocyemata', 'Astacidea', 'Astacoidea', 'Cambaridae', 'Procambarus']"
Pacifastacus leniusculus,"['Eukaryota', 'Metazoa', 'Ecdysozoa', 'Arthropoda', 'Crustacea', 'Malacostraca', 'Eumalacostraca', 'Eucarida', 'Decapoda', 'Pleocyemata', 'Astacidea', 'Astacoidea', 'Astacidae', 'Pacifastacus']","['Eumalacostraca', 'Eucarida', 'Decapoda', 'Pleocyemata', 'Astacidea', 'Astacoidea', 'Astacidae', 'Pacifastacus']"
Orconectes luteus,"['Eukaryota', 'Metazoa', 'Ecdysozoa', 'Arthropoda', 'Crustacea', 'Malacostraca', 'Eumalacostraca', 'Eucarida', 'Decapoda', 'Pleocyemata', 'Astacidea', 'Astacoidea', 'Cambaridae', 'Orconectes', 'Procericambarus']","['Eumalacostraca', 'Eucarida', 'Decapoda', 'Pleocyemata', 'Astacidea', 'Astacoidea', 'Cambaridae', 'Orconectes', 'Procericambarus']"
Cambarus robustus,"['Eukaryota', 'Metazoa', 'Ecdysozoa', 'Arthropoda', 'Crustacea', 'Malacostraca', 'Eumalacostraca', 'Eucarida', 'Decapoda', 'Pleocyemata', 'Astacidea', 'Astacoidea', 'Cambaridae', 'Cambarus']","['Eumalacostraca', 'Eucarida', 'Decapoda', 'Pleocyemata', 'Astacidea', 'Astacoidea', 'Cambaridae', 'Cambarus']"
Cambaroides japonicus,"['Eukaryota', 'Metazoa', 'Ecdysozoa', 'Arthropoda', 'Crustacea', 'Malacostraca', 'Eumalacostraca', 'Eucarida', 'Decapoda', 'Pleocyemata', 'Astacidea', 'Astacoidea', 'Cambaridae', 'Cambaroides']","['Eumalacostraca', 'Eucarida', 'Decapoda', 'Pleocyemata', 'Astacidea', 'Astacoidea', 'Cambaridae', 'Cambaroides']"
Cambaroides dauricus,"['Eukaryota', 'Metazoa', 'Ecdysozoa', 'Arthropoda', 'Crustacea', 'Malacostraca', 'Eumalacostraca', 'Eucarida', 'Decapoda', 'Pleocyemata', 'Astacidea', 'Astacoidea', 'Cambaridae', 'Cambaroides']","['Eumalacostraca', 'Eucarida', 'Decapoda', 'Pleocyemata', 'Astacidea', 'Astacoidea', 'Cambaridae', 'Cambaroides']"
Austropotamobius torrentium,"['Eukaryota', 'Metazoa', 'Ecdysozoa', 'Arthropoda', 'Crustacea', 'Malacostraca', 'Eumalacostraca', 'Eucarida', 'Decapoda', 'Pleocyemata', 'Astacidea', 'Astacoidea', 'Astacidae', 'Austropotamobius']","['Eumalacostraca', 'Eucarida', 'Decapoda', 'Pleocyemata', 'Astacidea', 'Astacoidea', 'Astacidae', 'Austropotamobius']"
Pallaseopsis kessleri,"['Eukaryota', 'Metazoa', 'Ecdysozoa', 'Arthropoda', 'Crustacea', 'Malacostraca', 'Eumalacostraca', 'Peracarida', 'Amphipoda', 'Senticaudata', 'Gammarida', 'Gammaridira', 'Gammaroidea', 'Pallaseidae', 'Pallaseopsis']","['Eumalacostraca', 'Peracarida', 'Amphipoda', 'Senticaudata', 'Gammarida', 'Gammaridira', 'Gammaroidea', 'Pallaseidae', 'Pallaseopsis']"
Gmelinoides fasciatus,"['Eukaryota', 'Metazoa', 'Ecdysozoa', 'Arthropoda', 'Crustacea', 'Malacostraca', 'Eumalacostraca', 'Peracarida', 'Amphipoda', 'Senticaudata', 'Gammarida', 'Gammaridira', 'Gammaroidea', 'Micruropodidae', 'Gmelinoidinae', 'Gmelinoides']","['Eumalacostraca', 'Peracarida', 'Amphipoda', 'Senticaudata', 'Gammarida', 'Gammaridira', 'Gammaroidea', 'Micruropodidae', 'Gmelinoidinae', 'Gmelinoides']"
Eulimnogammarus cyaneus,"['Eukaryota', 'Metazoa', 'Ecdysozoa', 'Arthropoda', 'Crustacea', 'Malacostraca', 'Eumalacostraca', 'Peracarida', 'Amphipoda', 'Senticaudata', 'Gammarida', 'Gammaridira', 'Gammaroidea', 'Eulimnogammaridae', 'Eulimnogammarinae', 'Eulimnogammarus']","['Eumalacostraca', 'Peracarida', 'Amphipoda', 'Senticaudata', 'Gammarida', 'Gammaridira', 'Gammaroidea', 'Eulimnogammaridae', 'Eulimnogammarinae', 'Eulimnogammarus']"
Neoglyphea inopinata,"['Eukaryota', 'Metazoa', 'Ecdysozoa', 'Arthropoda', 'Crustacea', 'Malacostraca', 'Eumalacostraca', 'Eucarida', 'Decapoda', 'Pleocyemata', 'Glypheidea', 'Glypheoidea', 'Glypheidae', 'Neoglyphea']","['Eumalacostraca', 'Eucarida', 'Decapoda', 'Pleocyemata', 'Glypheidea', 'Glypheoidea', 'Glypheidae', 'Neoglyphea']"
Caridina cf. nilotica HMG-2016,"['Eukaryota', 'Metazoa', 'Ecdysozoa', 'Arthropoda', 'Crustacea', 'Malacostraca', 'Eumalacostraca', 'Eucarida', 'Decapoda', 'Pleocyemata', 'Caridea', 'Atyoidea', 'Atyidae', 'Caridina']","['Eumalacostraca', 'Eucarida', 'Decapoda', 'Pleocyemata', 'Caridea', 'Atyoidea', 'Atyidae', 'Caridina']"
Procambarus clarkii,"['Eukaryota', 'Metazoa', 'Ecdysozoa', 'Arthropoda', 'Crustacea', 'Malacostraca', 'Eumalacostraca', 'Eucarida', 'Decapoda', 'Pleocyemata', 'Astacidea', 'Astacoidea', 'Cambaridae', 'Procambarus']","['Eumalacostraca', 'Eucarida', 'Decapoda', 'Pleocyemata', 'Astacidea', 'Astacoidea', 'Cambaridae', 'Procambarus']"
Parasesarma tripectinis,"['Eukaryota', 'Metazoa', 'Ecdysozoa', 'Arthropoda', 'Crustacea', 'Malacostraca', 'Eumalacostraca', 'Eucarida', 'Decapoda', 'Pleocyemata', 'Brachyura', 'Eubrachyura', 'Grapsoidea', 'Sesarmidae', 'Parasesarma']","['Eumalacostraca', 'Eucarida', 'Decapoda', 'Pleocyemata', 'Brachyura', 'Eubrachyura', 'Grapsoidea', 'Sesarmidae', 'Parasesarma']"
Somanniathelphusa boyangensis,"['Eukaryota', 'Metazoa', 'Ecdysozoa', 'Arthropoda', 'Crustacea', 'Malacostraca', 'Eumalacostraca', 'Eucarida', 'Decapoda', 'Pleocyemata', 'Brachyura', 'Eubrachyura', 'Potamoidea', 'Parathelphusidae', 'Somanniathelphusa']","['Eumalacostraca', 'Eucarida', 'Decapoda', 'Pleocyemata', 'Brachyura', 'Eubrachyura', 'Potamoidea', 'Parathelphusidae', 'Somanniathelphusa']"
Chaceon sp. BZ-2016,"['Eukaryota', 'Metazoa', 'Ecdysozoa', 'Arthropoda', 'Crustacea', 'Malacostraca', 'Eumalacostraca', 'Eucarida', 'Decapoda', 'Pleocyemata', 'Brachyura', 'Eubrachyura', 'Portunoidea', 'Geryonidae', 'Chaceon']","['Eumalacostraca', 'Eucarida', 'Decapoda', 'Pleocyemata', 'Brachyura', 'Eubrachyura', 'Portunoidea', 'Geryonidae', 'Chaceon']"
Eriocheir sinensis,"['Eukaryota', 'Metazoa', 'Ecdysozoa', 'Arthropoda', 'Crustacea', 'Malacostraca', 'Eumalacostraca', 'Eucarida', 'Decapoda', 'Pleocyemata', 'Brachyura', 'Eubrachyura', 'Grapsoidea', 'Varunidae', 'Eriocheir']","['Eumalacostraca', 'Eucarida', 'Decapoda', 'Pleocyemata', 'Brachyura', 'Eubrachyura', 'Grapsoidea', 'Varunidae', 'Eriocheir']"
Sesarma neglectum,"['Eukaryota', 'Metazoa', 'Ecdysozoa', 'Arthropoda', 'Crustacea', 'Malacostraca', 'Eumalacostraca', 'Eucarida', 'Decapoda', 'Pleocyemata', 'Brachyura', 'Eubrachyura', 'Grapsoidea', 'Sesarmidae', 'Sesarma']","['Eumalacostraca', 'Eucarida', 'Decapoda', 'Pleocyemata', 'Brachyura', 'Eubrachyura', 'Grapsoidea', 'Sesarmidae', 'Sesarma']"
Fenneropenaeus indicus,"['Eukaryota', 'Metazoa', 'Ecdysozoa', 'Arthropoda', 'Crustacea', 'Malacostraca', 'Eumalacostraca', 'Eucarida', 'Decapoda', 'Dendrobranchiata', 'Penaeoidea', 'Penaeidae', 'Fenneropenaeus']","['Eumalacostraca', 'Eucarida', 'Decapoda', 'Dendrobranchiata', 'Penaeoidea', 'Penaeidae', 'Fenneropenaeus']"
Huananpotamon lichuanense,"['Eukaryota', 'Metazoa', 'Ecdysozoa', 'Arthropoda', 'Crustacea', 'Malacostraca', 'Eumalacostraca', 'Eucarida', 'Decapoda', 'Pleocyemata', 'Brachyura', 'Eubrachyura', 'Potamoidea', 'Potamidae', 'Huananpotamon']","['Eumalacostraca', 'Eucarida', 'Decapoda', 'Pleocyemata', 'Brachyura', 'Eubrachyura', 'Potamoidea', 'Potamidae', 'Huananpotamon']"
Callianassa ceramica,"['Eukaryota', 'Metazoa', 'Ecdysozoa', 'Arthropoda', 'Crustacea', 'Malacostraca', 'Eumalacostraca', 'Eucarida', 'Decapoda', 'Pleocyemata', 'Axiidea', 'Callianassidae', 'Callianassa']","['Eumalacostraca', 'Eucarida', 'Decapoda', 'Pleocyemata', 'Axiidea', 'Callianassidae', 'Callianassa']"
Orconectes punctimanus,"['Eukaryota', 'Metazoa', 'Ecdysozoa', 'Arthropoda', 'Crustacea', 'Malacostraca', 'Eumalacostraca', 'Eucarida', 'Decapoda', 'Pleocyemata', 'Astacidea', 'Astacoidea', 'Cambaridae', 'Orconectes', 'Procericambarus']","['Eumalacostraca', 'Eucarida', 'Decapoda', 'Pleocyemata', 'Astacidea', 'Astacoidea', 'Cambaridae', 'Orconectes', 'Procericambarus']"
Callianassa ceramica,"['Eukaryota', 'Metazoa', 'Ecdysozoa', 'Arthropoda', 'Crustacea', 'Malacostraca', 'Eumalacostraca', 'Eucarida', 'Decapoda', 'Pleocyemata', 'Axiidea', 'Callianassidae', 'Callianassa']","['Eumalacostraca', 'Eucarida', 'Decapoda', 'Pleocyemata', 'Axiidea', 'Callianassidae', 'Callianassa']"
Alpheus lobidens,"['Eukaryota', 'Metazoa', 'Ecdysozoa', 'Arthropoda', 'Crustacea', 'Malacostraca', 'Eumalacostraca', 'Eucarida', 'Decapoda', 'Pleocyemata', 'Caridea', 'Alpheoidea', 'Alpheidae', 'Alpheus']","['Eumalacostraca', 'Eucarida', 'Decapoda', 'Pleocyemata', 'Caridea', 'Alpheoidea', 'Alpheidae', 'Alpheus']"
Dynomene pilumnoides,"['Eukaryota', 'Metazoa', 'Ecdysozoa', 'Arthropoda', 'Crustacea', 'Malacostraca', 'Eumalacostraca', 'Eucarida', 'Decapoda', 'Pleocyemata', 'Brachyura', 'Dromiacea', 'Dromioidea', 'Dynomenidae', 'Dynomene']","['Eumalacostraca', 'Eucarida', 'Decapoda', 'Pleocyemata', 'Brachyura', 'Dromiacea', 'Dromioidea', 'Dynomenidae', 'Dynomene']"
Panulirus cygnus,"['Eukaryota', 'Metazoa', 'Ecdysozoa', 'Arthropoda', 'Crustacea', 'Malacostraca', 'Eumalacostraca', 'Eucarida', 'Decapoda', 'Pleocyemata', 'Achelata', 'Palinuroidea', 'Palinuridae', 'Panulirus']","['Eumalacostraca', 'Eucarida', 'Decapoda', 'Pleocyemata', 'Achelata', 'Palinuroidea', 'Palinuridae', 'Panulirus']"
Chaceon granulatus,"['Eukaryota', 'Metazoa', 'Ecdysozoa', 'Arthropoda', 'Crustacea', 'Malacostraca', 'Eumalacostraca', 'Eucarida', 'Decapoda', 'Pleocyemata', 'Brachyura', 'Eubrachyura', 'Portunoidea', 'Geryonidae', 'Chaceon']","['Eumalacostraca', 'Eucarida', 'Decapoda', 'Pleocyemata', 'Brachyura', 'Eubrachyura', 'Portunoidea', 'Geryonidae', 'Chaceon']"
Eriocheir hepuensis,"['Eukaryota', 'Metazoa', 'Ecdysozoa', 'Arthropoda', 'Crustacea', 'Malacostraca', 'Eumalacostraca', 'Eucarida', 'Decapoda', 'Pleocyemata', 'Brachyura', 'Eubrachyura', 'Grapsoidea', 'Varunidae', 'Eriocheir']","['Eumalacostraca', 'Eucarida', 'Decapoda', 'Pleocyemata', 'Brachyura', 'Eubrachyura', 'Grapsoidea', 'Varunidae', 'Eriocheir']"
Eriocheir japonica,"['Eukaryota', 'Metazoa', 'Ecdysozoa', 'Arthropoda', 'Crustacea', 'Malacostraca', 'Eumalacostraca', 'Eucarida', 'Decapoda', 'Pleocyemata', 'Brachyura', 'Eubrachyura', 'Grapsoidea', 'Varunidae', 'Eriocheir']","['Eumalacostraca', 'Eucarida', 'Decapoda', 'Pleocyemata', 'Brachyura', 'Eubrachyura', 'Grapsoidea', 'Varunidae', 'Eriocheir']"
Eriocheir sinensis,"['Eukaryota', 'Metazoa', 'Ecdysozoa', 'Arthropoda', 'Crustacea', 'Malacostraca', 'Eumalacostraca', 'Eucarida', 'Decapoda', 'Pleocyemata', 'Brachyura', 'Eubrachyura', 'Grapsoidea', 'Varunidae', 'Eriocheir']","['Eumalacostraca', 'Eucarida', 'Decapoda', 'Pleocyemata', 'Brachyura', 'Eubrachyura', 'Grapsoidea', 'Varunidae', 'Eriocheir']"
Squilla mantis,"['Eukaryota', 'Metazoa', 'Ecdysozoa', 'Arthropoda', 'Crustacea', 'Malacostraca', 'Eumalacostraca', 'Hoplocarida', 'Stomatopoda', 'Squillidae', 'Squilla']","['Eumalacostraca', 'Hoplocarida', 'Stomatopoda', 'Squillidae', 'Squilla']"
Grapsus tenuicrustatus,"['Eukaryota', 'Metazoa', 'Ecdysozoa', 'Arthropoda', 'Crustacea', 'Malacostraca', 'Eumalacostraca', 'Eucarida', 'Decapoda', 'Pleocyemata', 'Brachyura', 'Eubrachyura', 'Grapsoidea', 'Grapsidae', 'Grapsus']","['Eumalacostraca', 'Eucarida', 'Decapoda', 'Pleocyemata', 'Brachyura', 'Eubrachyura', 'Grapsoidea', 'Grapsidae', 'Grapsus']"
Eulimnogammarus verrucosus,"['Eukaryota', 'Metazoa', 'Ecdysozoa', 'Arthropoda', 'Crustacea', 'Malacostraca', 'Eumalacostraca', 'Peracarida', 'Amphipoda', 'Senticaudata', 'Gammarida', 'Gammaridira', 'Gammaroidea', 'Eulimnogammaridae', 'Eulimnogammarinae', 'Eulimnogammarus']","['Eumalacostraca', 'Peracarida', 'Amphipoda', 'Senticaudata', 'Gammarida', 'Gammaridira', 'Gammaroidea', 'Eulimnogammaridae', 'Eulimnogammarinae', 'Eulimnogammarus']"
Gondogeneia antarctica,"['Eukaryota', 'Metazoa', 'Ecdysozoa', 'Arthropoda', 'Crustacea', 'Malacostraca', 'Eumalacostraca', 'Peracarida', 'Amphipoda', 'Senticaudata', 'Hadziida', 'Calliopioidea', 'Pontogeneiidae', 'Gondogeneia']","['Eumalacostraca', 'Peracarida', 'Amphipoda', 'Senticaudata', 'Hadziida', 'Calliopioidea', 'Pontogeneiidae', 'Gondogeneia']"
Panulirus ornatus,"['Eukaryota', 'Metazoa', 'Ecdysozoa', 'Arthropoda', 'Crustacea', 'Malacostraca', 'Eumalacostraca', 'Eucarida', 'Decapoda', 'Pleocyemata', 'Achelata', 'Palinuroidea', 'Palinuridae', 'Panulirus']","['Eumalacostraca', 'Eucarida', 'Decapoda', 'Pleocyemata', 'Achelata', 'Palinuroidea', 'Palinuridae', 'Panulirus']"
Metopaulias depressus,"['Eukaryota', 'Metazoa', 'Ecdysozoa', 'Arthropoda', 'Crustacea', 'Malacostraca', 'Eumalacostraca', 'Eucarida', 'Decapoda', 'Pleocyemata', 'Brachyura', 'Eubrachyura', 'Grapsoidea', 'Sesarmidae', 'Metopaulias']","['Eumalacostraca', 'Eucarida', 'Decapoda', 'Pleocyemata', 'Brachyura', 'Eubrachyura', 'Grapsoidea', 'Sesarmidae', 'Metopaulias']"
Gramastacus insolitus,"['Eukaryota', 'Metazoa', 'Ecdysozoa', 'Arthropoda', 'Crustacea', 'Malacostraca', 'Eumalacostraca', 'Eucarida', 'Decapoda', 'Pleocyemata', 'Astacidea', 'Parastacoidea', 'Parastacidae', 'Gramastacus']","['Eumalacostraca', 'Eucarida', 'Decapoda', 'Pleocyemata', 'Astacidea', 'Parastacoidea', 'Parastacidae', 'Gramastacus']"
Cherax sp. HMG-2016,"['Eukaryota', 'Metazoa', 'Ecdysozoa', 'Arthropoda', 'Crustacea', 'Malacostraca', 'Eumalacostraca', 'Eucarida', 'Decapoda', 'Pleocyemata', 'Astacidea', 'Parastacoidea', 'Parastacidae', 'Cherax']","['Eumalacostraca', 'Eucarida', 'Decapoda', 'Pleocyemata', 'Astacidea', 'Parastacoidea', 'Parastacidae', 'Cherax']"
Fenneropenaeus chinensis,"['Eukaryota', 'Metazoa', 'Ecdysozoa', 'Arthropoda', 'Crustacea', 'Malacostraca', 'Eumalacostraca', 'Eucarida', 'Decapoda', 'Dendrobranchiata', 'Penaeoidea', 'Penaeidae', 'Fenneropenaeus']","['Eumalacostraca', 'Eucarida', 'Decapoda', 'Dendrobranchiata', 'Penaeoidea', 'Penaeidae', 'Fenneropenaeus']"
Litopenaeus vannamei,"['Eukaryota', 'Metazoa', 'Ecdysozoa', 'Arthropoda', 'Crustacea', 'Malacostraca', 'Eumalacostraca', 'Eucarida', 'Decapoda', 'Dendrobranchiata', 'Penaeoidea', 'Penaeidae', 'Litopenaeus']","['Eumalacostraca', 'Eucarida', 'Decapoda', 'Dendrobranchiata', 'Penaeoidea', 'Penaeidae', 'Litopenaeus']"
Neomysis japonica,"['Eukaryota', 'Metazoa', 'Ecdysozoa', 'Arthropoda', 'Crustacea', 'Malacostraca', 'Eumalacostraca', 'Peracarida', 'Mysidacea', 'Mysida', 'Mysidae', 'Mysinae', 'Mysini', 'Neomysis']","['Eumalacostraca', 'Peracarida', 'Mysidacea', 'Mysida', 'Mysidae', 'Mysinae', 'Mysini', 'Neomysis']"
Upogebia yokoyai,"['Eukaryota', 'Metazoa', 'Ecdysozoa', 'Arthropoda', 'Crustacea', 'Malacostraca', 'Eumalacostraca', 'Eucarida', 'Decapoda', 'Pleocyemata', 'Gebiidea', 'Upogebiidae', 'Upogebia']","['Eumalacostraca', 'Eucarida', 'Decapoda', 'Pleocyemata', 'Gebiidea', 'Upogebiidae', 'Upogebia']"
Solenocera crassicornis,"['Eukaryota', 'Metazoa', 'Ecdysozoa', 'Arthropoda', 'Crustacea', 'Malacostraca', 'Eumalacostraca', 'Eucarida', 'Decapoda', 'Dendrobranchiata', 'Penaeoidea', 'Solenoceridae', 'Solenocera']","['Eumalacostraca', 'Eucarida', 'Decapoda', 'Dendrobranchiata', 'Penaeoidea', 'Solenoceridae', 'Solenocera']"
Parapenaeopsis hardwickii,"['Eukaryota', 'Metazoa', 'Ecdysozoa', 'Arthropoda', 'Crustacea', 'Malacostraca', 'Eumalacostraca', 'Eucarida', 'Decapoda', 'Dendrobranchiata', 'Penaeoidea', 'Penaeidae', 'Parapenaeopsis']","['Eumalacostraca', 'Eucarida', 'Decapoda', 'Dendrobranchiata', 'Penaeoidea', 'Penaeidae', 'Parapenaeopsis']"
Stygobromus indentatus,"['Eukaryota', 'Metazoa', 'Ecdysozoa', 'Arthropoda', 'Crustacea', 'Malacostraca', 'Eumalacostraca', 'Peracarida', 'Amphipoda', 'Senticaudata', 'Gammarida', 'Crangonyctidira', 'Crangonyctoidea', 'Crangonyctidae', 'Stygobromus']","['Eumalacostraca', 'Peracarida', 'Amphipoda', 'Senticaudata', 'Gammarida', 'Crangonyctidira', 'Crangonyctoidea', 'Crangonyctidae', 'Stygobromus']"
Munida gregaria,"['Eukaryota', 'Metazoa', 'Ecdysozoa', 'Arthropoda', 'Crustacea', 'Malacostraca', 'Eumalacostraca', 'Eucarida', 'Decapoda', 'Pleocyemata', 'Anomura', 'Galatheoidea', 'Munididae', 'Munida']","['Eumalacostraca', 'Eucarida', 'Decapoda', 'Pleocyemata', 'Anomura', 'Galatheoidea', 'Munididae', 'Munida']"
Trypaea australiensis,"['Eukaryota', 'Metazoa', 'Ecdysozoa', 'Arthropoda', 'Crustacea', 'Malacostraca', 'Eumalacostraca', 'Eucarida', 'Decapoda', 'Pleocyemata', 'Axiidea', 'Callianassidae', 'Trypaea']","['Eumalacostraca', 'Eucarida', 'Decapoda', 'Pleocyemata', 'Axiidea', 'Callianassidae', 'Trypaea']"
Metapenaeus ensis,"['Eukaryota', 'Metazoa', 'Ecdysozoa', 'Arthropoda', 'Crustacea', 'Malacostraca', 'Eumalacostraca', 'Eucarida', 'Decapoda', 'Dendrobranchiata', 'Penaeoidea', 'Penaeidae', 'Metapenaeus']","['Eumalacostraca', 'Eucarida', 'Decapoda', 'Dendrobranchiata', 'Penaeoidea', 'Penaeidae', 'Metapenaeus']"
Cherax holthuisi,"['Eukaryota', 'Metazoa', 'Ecdysozoa', 'Arthropoda', 'Crustacea', 'Malacostraca', 'Eumalacostraca', 'Eucarida', 'Decapoda', 'Pleocyemata', 'Astacidea', 'Parastacoidea', 'Parastacidae', 'Cherax']","['Eumalacostraca', 'Eucarida', 'Decapoda', 'Pleocyemata', 'Astacidea', 'Parastacoidea', 'Parastacidae', 'Cherax']"
Cherax bicarinatus,"['Eukaryota', 'Metazoa', 'Ecdysozoa', 'Arthropoda', 'Crustacea', 'Malacostraca', 'Eumalacostraca', 'Eucarida', 'Decapoda', 'Pleocyemata', 'Astacidea', 'Parastacoidea', 'Parastacidae', 'Cherax']","['Eumalacostraca', 'Eucarida', 'Decapoda', 'Pleocyemata', 'Astacidea', 'Parastacoidea', 'Parastacidae', 'Cherax']"
Cherax boesemani,"['Eukaryota', 'Metazoa', 'Ecdysozoa', 'Arthropoda', 'Crustacea', 'Malacostraca', 'Eumalacostraca', 'Eucarida', 'Decapoda', 'Pleocyemata', 'Astacidea', 'Parastacoidea', 'Parastacidae', 'Cherax']","['Eumalacostraca', 'Eucarida', 'Decapoda', 'Pleocyemata', 'Astacidea', 'Parastacoidea', 'Parastacidae', 'Cherax']"
Astacopsis gouldi,"['Eukaryota', 'Metazoa', 'Ecdysozoa', 'Arthropoda', 'Crustacea', 'Malacostraca', 'Eumalacostraca', 'Eucarida', 'Decapoda', 'Pleocyemata', 'Astacidea', 'Parastacoidea', 'Parastacidae', 'Astacopsis']","['Eumalacostraca', 'Eucarida', 'Decapoda', 'Pleocyemata', 'Astacidea', 'Parastacoidea', 'Parastacidae', 'Astacopsis']"
Euastacus spinifer,"['Eukaryota', 'Metazoa', 'Ecdysozoa', 'Arthropoda', 'Crustacea', 'Malacostraca', 'Eumalacostraca', 'Eucarida', 'Decapoda', 'Pleocyemata', 'Astacidea', 'Parastacoidea', 'Parastacidae', 'Euastacus']","['Eumalacostraca', 'Eucarida', 'Decapoda', 'Pleocyemata', 'Astacidea', 'Parastacoidea', 'Parastacidae', 'Euastacus']"
Nephrops norvegicus,"['Eukaryota', 'Metazoa', 'Ecdysozoa', 'Arthropoda', 'Crustacea', 'Malacostraca', 'Eumalacostraca', 'Eucarida', 'Decapoda', 'Pleocyemata', 'Astacidea', 'Nephropoidea', 'Nephropidae', 'Nephrops']","['Eumalacostraca', 'Eucarida', 'Decapoda', 'Pleocyemata', 'Astacidea', 'Nephropoidea', 'Nephropidae', 'Nephrops']"
Paranephrops planifrons,"['Eukaryota', 'Metazoa', 'Ecdysozoa', 'Arthropoda', 'Crustacea', 'Malacostraca', 'Eumalacostraca', 'Eucarida', 'Decapoda', 'Pleocyemata', 'Astacidea', 'Parastacoidea', 'Parastacidae', 'Paranephrops']","['Eumalacostraca', 'Eucarida', 'Decapoda', 'Pleocyemata', 'Astacidea', 'Parastacoidea', 'Parastacidae', 'Paranephrops']"
Euastacus yarraensis,"['Eukaryota', 'Metazoa', 'Ecdysozoa', 'Arthropoda', 'Crustacea', 'Malacostraca', 'Eumalacostraca', 'Eucarida', 'Decapoda', 'Pleocyemata', 'Astacidea', 'Parastacoidea', 'Parastacidae', 'Euastacus']","['Eumalacostraca', 'Eucarida', 'Decapoda', 'Pleocyemata', 'Astacidea', 'Parastacoidea', 'Parastacidae', 'Euastacus']"
Geocharax gracilis,"['Eukaryota', 'Metazoa', 'Ecdysozoa', 'Arthropoda', 'Crustacea', 'Malacostraca', 'Eumalacostraca', 'Eucarida', 'Decapoda', 'Pleocyemata', 'Astacidea', 'Parastacoidea', 'Parastacidae', 'Geocharax']","['Eumalacostraca', 'Eucarida', 'Decapoda', 'Pleocyemata', 'Astacidea', 'Parastacoidea', 'Parastacidae', 'Geocharax']"
Engaeus cunicularius,"['Eukaryota', 'Metazoa', 'Ecdysozoa', 'Arthropoda', 'Crustacea', 'Malacostraca', 'Eumalacostraca', 'Eucarida', 'Decapoda', 'Pleocyemata', 'Astacidea', 'Parastacoidea', 'Parastacidae', 'Engaeus']","['Eumalacostraca', 'Eucarida', 'Decapoda', 'Pleocyemata', 'Astacidea', 'Parastacoidea', 'Parastacidae', 'Engaeus']"
Nautilocaris saintlaurentae,"['Eukaryota', 'Metazoa', 'Ecdysozoa', 'Arthropoda', 'Crustacea', 'Malacostraca', 'Eumalacostraca', 'Eucarida', 'Decapoda', 'Pleocyemata', 'Caridea', 'Bresilioidea', 'Alvinocarididae', 'Nautilocaris']","['Eumalacostraca', 'Eucarida', 'Decapoda', 'Pleocyemata', 'Caridea', 'Bresilioidea', 'Alvinocarididae', 'Nautilocaris']"
Helice tientsinensis,"['Eukaryota', 'Metazoa', 'Ecdysozoa', 'Arthropoda', 'Crustacea', 'Malacostraca', 'Eumalacostraca', 'Eucarida', 'Decapoda', 'Pleocyemata', 'Brachyura', 'Eubrachyura', 'Grapsoidea', 'Varunidae', 'Helice']","['Eumalacostraca', 'Eucarida', 'Decapoda', 'Pleocyemata', 'Brachyura', 'Eubrachyura', 'Grapsoidea', 'Varunidae', 'Helice']"
Sesarmops sinensis,"['Eukaryota', 'Metazoa', 'Ecdysozoa', 'Arthropoda', 'Crustacea', 'Malacostraca', 'Eumalacostraca', 'Eucarida', 'Decapoda', 'Pleocyemata', 'Brachyura', 'Eubrachyura', 'Grapsoidea', 'Sesarmidae', 'Sesarmops']","['Eumalacostraca', 'Eucarida', 'Decapoda', 'Pleocyemata', 'Brachyura', 'Eubrachyura', 'Grapsoidea', 'Sesarmidae', 'Sesarmops']"
Macrophthalmus japonicus,"['Eukaryota', 'Metazoa', 'Ecdysozoa', 'Arthropoda', 'Crustacea', 'Malacostraca', 'Eumalacostraca', 'Eucarida', 'Decapoda', 'Pleocyemata', 'Brachyura', 'Eubrachyura', 'Ocypodoidea', 'Macrophthalmidae', 'Macrophthalminae', 'Macrophthalmus']","['Eumalacostraca', 'Eucarida', 'Decapoda', 'Pleocyemata', 'Brachyura', 'Eubrachyura', 'Ocypodoidea', 'Macrophthalmidae', 'Macrophthalminae', 'Macrophthalmus']"
Pyrhila pisum,"['Eukaryota', 'Metazoa', 'Ecdysozoa', 'Arthropoda', 'Crustacea', 'Malacostraca', 'Eumalacostraca', 'Eucarida', 'Decapoda', 'Pleocyemata', 'Brachyura', 'Eubrachyura', 'Leucosioidea', 'Leucosiidae', 'Pyrhila']","['Eumalacostraca', 'Eucarida', 'Decapoda', 'Pleocyemata', 'Brachyura', 'Eubrachyura', 'Leucosioidea', 'Leucosiidae', 'Pyrhila']"
Parapenaeopsis hardwickii,"['Eukaryota', 'Metazoa', 'Ecdysozoa', 'Arthropoda', 'Crustacea', 'Malacostraca', 'Eumalacostraca', 'Eucarida', 'Decapoda', 'Dendrobranchiata', 'Penaeoidea', 'Penaeidae', 'Parapenaeopsis']","['Eumalacostraca', 'Eucarida', 'Decapoda', 'Dendrobranchiata', 'Penaeoidea', 'Penaeidae', 'Parapenaeopsis']"
Palaemon gravieri,"['Eukaryota', 'Metazoa', 'Ecdysozoa', 'Arthropoda', 'Crustacea', 'Malacostraca', 'Eumalacostraca', 'Eucarida', 'Decapoda', 'Pleocyemata', 'Caridea', 'Palaemonoidea', 'Palaemonidae', 'Palaemon']","['Eumalacostraca', 'Eucarida', 'Decapoda', 'Pleocyemata', 'Caridea', 'Palaemonoidea', 'Palaemonidae', 'Palaemon']"
Stygobromus tenuis potomacus,"['Eukaryota', 'Metazoa', 'Ecdysozoa', 'Arthropoda', 'Crustacea', 'Malacostraca', 'Eumalacostraca', 'Peracarida', 'Amphipoda', 'Senticaudata', 'Gammarida', 'Crangonyctidira', 'Crangonyctoidea', 'Crangonyctidae', 'Stygobromus']","['Eumalacostraca', 'Peracarida', 'Amphipoda', 'Senticaudata', 'Gammarida', 'Crangonyctidira', 'Crangonyctoidea', 'Crangonyctidae', 'Stygobromus']"
Metanephrops sibogae,"['Eukaryota', 'Metazoa', 'Ecdysozoa', 'Arthropoda', 'Crustacea', 'Malacostraca', 'Eumalacostraca', 'Eucarida', 'Decapoda', 'Pleocyemata', 'Astacidea', 'Nephropoidea', 'Nephropidae', 'Metanephrops']","['Eumalacostraca', 'Eucarida', 'Decapoda', 'Pleocyemata', 'Astacidea', 'Nephropoidea', 'Nephropidae', 'Metanephrops']"
Procambarus alleni,"['Eukaryota', 'Metazoa', 'Ecdysozoa', 'Arthropoda', 'Crustacea', 'Malacostraca', 'Eumalacostraca', 'Eucarida', 'Decapoda', 'Pleocyemata', 'Astacidea', 'Astacoidea', 'Cambaridae', 'Procambarus']","['Eumalacostraca', 'Eucarida', 'Decapoda', 'Pleocyemata', 'Astacidea', 'Astacoidea', 'Cambaridae', 'Procambarus']"
Leptodius sanguineus,"['Eukaryota', 'Metazoa', 'Ecdysozoa', 'Arthropoda', 'Crustacea', 'Malacostraca', 'Eumalacostraca', 'Eucarida', 'Decapoda', 'Pleocyemata', 'Brachyura', 'Eubrachyura', 'Xanthoidea', 'Xanthidae', 'Leptodius']","['Eumalacostraca', 'Eucarida', 'Decapoda', 'Pleocyemata', 'Brachyura', 'Eubrachyura', 'Xanthoidea', 'Xanthidae', 'Leptodius']"
Ocypode cordimanus,"['Eukaryota', 'Metazoa', 'Ecdysozoa', 'Arthropoda', 'Crustacea', 'Malacostraca', 'Eumalacostraca', 'Eucarida', 'Decapoda', 'Pleocyemata', 'Brachyura', 'Eubrachyura', 'Ocypodoidea', 'Ocypodidae', 'Ocypodinae', 'Ocypode']","['Eumalacostraca', 'Eucarida', 'Decapoda', 'Pleocyemata', 'Brachyura', 'Eubrachyura', 'Ocypodoidea', 'Ocypodidae', 'Ocypodinae', 'Ocypode']"
Orconectes sanbornii,"['Eukaryota', 'Metazoa', 'Ecdysozoa', 'Arthropoda', 'Crustacea', 'Malacostraca', 'Eumalacostraca', 'Eucarida', 'Decapoda', 'Pleocyemata', 'Astacidea', 'Astacoidea', 'Cambaridae', 'Orconectes', 'Crockerinus']","['Eumalacostraca', 'Eucarida', 'Decapoda', 'Pleocyemata', 'Astacidea', 'Astacoidea', 'Cambaridae', 'Orconectes', 'Crockerinus']"
Orconectes rusticus,"['Eukaryota', 'Metazoa', 'Ecdysozoa', 'Arthropoda', 'Crustacea', 'Malacostraca', 'Eumalacostraca', 'Eucarida', 'Decapoda', 'Pleocyemata', 'Astacidea', 'Astacoidea', 'Cambaridae', 'Orconectes', 'Procericambarus']","['Eumalacostraca', 'Eucarida', 'Decapoda', 'Pleocyemata', 'Astacidea', 'Astacoidea', 'Cambaridae', 'Orconectes', 'Procericambarus']"
Caridina gracilipes,"['Eukaryota', 'Metazoa', 'Ecdysozoa', 'Arthropoda', 'Crustacea', 'Malacostraca', 'Eumalacostraca', 'Eucarida', 'Decapoda', 'Pleocyemata', 'Caridea', 'Atyoidea', 'Atyidae', 'Caridina']","['Eumalacostraca', 'Eucarida', 'Decapoda', 'Pleocyemata', 'Caridea', 'Atyoidea', 'Atyidae', 'Caridina']"
Nihonotrypaea japonica,"['Eukaryota', 'Metazoa', 'Ecdysozoa', 'Arthropoda', 'Crustacea', 'Malacostraca', 'Eumalacostraca', 'Eucarida', 'Decapoda', 'Pleocyemata', 'Axiidea', 'Callianassidae', 'Nihonotrypaea']","['Eumalacostraca', 'Eucarida', 'Decapoda', 'Pleocyemata', 'Axiidea', 'Callianassidae', 'Nihonotrypaea']"
Corallianassa coutierei,"['Eukaryota', 'Metazoa', 'Ecdysozoa', 'Arthropoda', 'Crustacea', 'Malacostraca', 'Eumalacostraca', 'Eucarida', 'Decapoda', 'Pleocyemata', 'Axiidea', 'Callianassidae', 'Corallianassa']","['Eumalacostraca', 'Eucarida', 'Decapoda', 'Pleocyemata', 'Axiidea', 'Callianassidae', 'Corallianassa']"
Macrobrachium lanchesteri,"['Eukaryota', 'Metazoa', 'Ecdysozoa', 'Arthropoda', 'Crustacea', 'Malacostraca', 'Eumalacostraca', 'Eucarida', 'Decapoda', 'Pleocyemata', 'Caridea', 'Palaemonoidea', 'Palaemonidae', 'Macrobrachium']","['Eumalacostraca', 'Eucarida', 'Decapoda', 'Pleocyemata', 'Caridea', 'Palaemonoidea', 'Palaemonidae', 'Macrobrachium']"
Procambarus fallax,"['Eukaryota', 'Metazoa', 'Ecdysozoa', 'Arthropoda', 'Crustacea', 'Malacostraca', 'Eumalacostraca', 'Eucarida', 'Decapoda', 'Pleocyemata', 'Astacidea', 'Astacoidea', 'Cambaridae', 'Procambarus']","['Eumalacostraca', 'Eucarida', 'Decapoda', 'Pleocyemata', 'Astacidea', 'Astacoidea', 'Cambaridae', 'Procambarus']"
Procambarus fallax,"['Eukaryota', 'Metazoa', 'Ecdysozoa', 'Arthropoda', 'Crustacea', 'Malacostraca', 'Eumalacostraca', 'Eucarida', 'Decapoda', 'Pleocyemata', 'Astacidea', 'Astacoidea', 'Cambaridae', 'Procambarus']","['Eumalacostraca', 'Eucarida', 'Decapoda', 'Pleocyemata', 'Astacidea', 'Astacoidea', 'Cambaridae', 'Procambarus']"
Metapenaeopsis dalei,"['Eukaryota', 'Metazoa', 'Ecdysozoa', 'Arthropoda', 'Crustacea', 'Malacostraca', 'Eumalacostraca', 'Eucarida', 'Decapoda', 'Dendrobranchiata', 'Penaeoidea', 'Penaeidae', 'Metapenaeopsis']","['Eumalacostraca', 'Eucarida', 'Decapoda', 'Dendrobranchiata', 'Penaeoidea', 'Penaeidae', 'Metapenaeopsis']"
Engaewa subcoerulea,"['Eukaryota', 'Metazoa', 'Ecdysozoa', 'Arthropoda', 'Crustacea', 'Malacostraca', 'Eumalacostraca', 'Eucarida', 'Decapoda', 'Pleocyemata', 'Astacidea', 'Parastacoidea', 'Parastacidae', 'Engaewa']","['Eumalacostraca', 'Eucarida', 'Decapoda', 'Pleocyemata', 'Astacidea', 'Parastacoidea', 'Parastacidae', 'Engaewa']"
Engaewa walpolea,"['Eukaryota', 'Metazoa', 'Ecdysozoa', 'Arthropoda', 'Crustacea', 'Malacostraca', 'Eumalacostraca', 'Eucarida', 'Decapoda', 'Pleocyemata', 'Astacidea', 'Parastacoidea', 'Parastacidae', 'Engaewa']","['Eumalacostraca', 'Eucarida', 'Decapoda', 'Pleocyemata', 'Astacidea', 'Parastacoidea', 'Parastacidae', 'Engaewa']"
Rhynchocinetes durbanensis,"['Eukaryota', 'Metazoa', 'Ecdysozoa', 'Arthropoda', 'Crustacea', 'Malacostraca', 'Eumalacostraca', 'Eucarida', 'Decapoda', 'Pleocyemata', 'Caridea', 'Nematocarcinoidea', 'Rhynchocinetidae', 'Rhynchocinetes']","['Eumalacostraca', 'Eucarida', 'Decapoda', 'Pleocyemata', 'Caridea', 'Nematocarcinoidea', 'Rhynchocinetidae', 'Rhynchocinetes']"
Moloha majora,"['Eukaryota', 'Metazoa', 'Ecdysozoa', 'Arthropoda', 'Crustacea', 'Malacostraca', 'Eumalacostraca', 'Eucarida', 'Decapoda', 'Pleocyemata', 'Brachyura', 'Dromiacea', 'Homoloidea', 'Homolidae', 'Moloha']","['Eumalacostraca', 'Eucarida', 'Decapoda', 'Pleocyemata', 'Brachyura', 'Dromiacea', 'Homoloidea', 'Homolidae', 'Moloha']"
Palaemon gravieri,"['Eukaryota', 'Metazoa', 'Ecdysozoa', 'Arthropoda', 'Crustacea', 'Malacostraca', 'Eumalacostraca', 'Eucarida', 'Decapoda', 'Pleocyemata', 'Caridea', 'Palaemonoidea', 'Palaemonidae', 'Palaemon']","['Eumalacostraca', 'Eucarida', 'Decapoda', 'Pleocyemata', 'Caridea', 'Palaemonoidea', 'Palaemonidae', 'Palaemon']"
Sinopotamon xiushuiense,"['Eukaryota', 'Metazoa', 'Ecdysozoa', 'Arthropoda', 'Crustacea', 'Malacostraca', 'Eumalacostraca', 'Eucarida', 'Decapoda', 'Pleocyemata', 'Brachyura', 'Eubrachyura', 'Potamoidea', 'Potamidae', 'Sinopotamon']","['Eumalacostraca', 'Eucarida', 'Decapoda', 'Pleocyemata', 'Brachyura', 'Eubrachyura', 'Potamoidea', 'Potamidae', 'Sinopotamon']"
Litopenaeus vannamei,"['Eukaryota', 'Metazoa', 'Ecdysozoa', 'Arthropoda', 'Crustacea', 'Malacostraca', 'Eumalacostraca', 'Eucarida', 'Decapoda', 'Dendrobranchiata', 'Penaeoidea', 'Penaeidae', 'Litopenaeus']","['Eumalacostraca', 'Eucarida', 'Decapoda', 'Dendrobranchiata', 'Penaeoidea', 'Penaeidae', 'Litopenaeus']"
Panulirus versicolor,"['Eukaryota', 'Metazoa', 'Ecdysozoa', 'Arthropoda', 'Crustacea', 'Malacostraca', 'Eumalacostraca', 'Eucarida', 'Decapoda', 'Pleocyemata', 'Achelata', 'Palinuroidea', 'Palinuridae', 'Panulirus']","['Eumalacostraca', 'Eucarida', 'Decapoda', 'Pleocyemata', 'Achelata', 'Palinuroidea', 'Palinuridae', 'Panulirus']"
Sagmariasus verreauxi,"['Eukaryota', 'Metazoa', 'Ecdysozoa', 'Arthropoda', 'Crustacea', 'Malacostraca', 'Eumalacostraca', 'Eucarida', 'Decapoda', 'Pleocyemata', 'Achelata', 'Palinuroidea', 'Palinuridae', 'Sagmariasus']","['Eumalacostraca', 'Eucarida', 'Decapoda', 'Pleocyemata', 'Achelata', 'Palinuroidea', 'Palinuridae', 'Sagmariasus']"
Portunus sanguinolentus,"['Eukaryota', 'Metazoa', 'Ecdysozoa', 'Arthropoda', 'Crustacea', 'Malacostraca', 'Eumalacostraca', 'Eucarida', 'Decapoda', 'Pleocyemata', 'Brachyura', 'Eubrachyura', 'Portunoidea', 'Portunidae', 'Portunus']","['Eumalacostraca', 'Eucarida', 'Decapoda', 'Pleocyemata', 'Brachyura', 'Eubrachyura', 'Portunoidea', 'Portunidae', 'Portunus']"
Portunus pelagicus,"['Eukaryota', 'Metazoa', 'Ecdysozoa', 'Arthropoda', 'Crustacea', 'Malacostraca', 'Eumalacostraca', 'Eucarida', 'Decapoda', 'Pleocyemata', 'Brachyura', 'Eubrachyura', 'Portunoidea', 'Portunidae', 'Portunus']","['Eumalacostraca', 'Eucarida', 'Decapoda', 'Pleocyemata', 'Brachyura', 'Eubrachyura', 'Portunoidea', 'Portunidae', 'Portunus']"
Eriocheir sinensis,"['Eukaryota', 'Metazoa', 'Ecdysozoa', 'Arthropoda', 'Crustacea', 'Malacostraca', 'Eumalacostraca', 'Eucarida', 'Decapoda', 'Pleocyemata', 'Brachyura', 'Eubrachyura', 'Grapsoidea', 'Varunidae', 'Eriocheir']","['Eumalacostraca', 'Eucarida', 'Decapoda', 'Pleocyemata', 'Brachyura', 'Eubrachyura', 'Grapsoidea', 'Varunidae', 'Eriocheir']"
Procambarus clarkii,"['Eukaryota', 'Metazoa', 'Ecdysozoa', 'Arthropoda', 'Crustacea', 'Malacostraca', 'Eumalacostraca', 'Eucarida', 'Decapoda', 'Pleocyemata', 'Astacidea', 'Astacoidea', 'Cambaridae', 'Procambarus']","['Eumalacostraca', 'Eucarida', 'Decapoda', 'Pleocyemata', 'Astacidea', 'Astacoidea', 'Cambaridae', 'Procambarus']"
Pseudoniphargus daviui,"['Eukaryota', 'Metazoa', 'Ecdysozoa', 'Arthropoda', 'Crustacea', 'Malacostraca', 'Eumalacostraca', 'Peracarida', 'Amphipoda', 'Senticaudata', 'Gammarida', 'Crangonyctidira', 'Allocrangonyctoidea', 'Allocrangonyctidae', 'Pseudoniphargus']","['Eumalacostraca', 'Peracarida', 'Amphipoda', 'Senticaudata', 'Gammarida', 'Crangonyctidira', 'Allocrangonyctoidea', 'Allocrangonyctidae', 'Pseudoniphargus']"
Cyclograpsus granulosus,"['Eukaryota', 'Metazoa', 'Ecdysozoa', 'Arthropoda', 'Crustacea', 'Malacostraca', 'Eumalacostraca', 'Eucarida', 'Decapoda', 'Pleocyemata', 'Brachyura', 'Eubrachyura', 'Grapsoidea', 'Varunidae', 'Cyclograpsus']","['Eumalacostraca', 'Eucarida', 'Decapoda', 'Pleocyemata', 'Brachyura', 'Eubrachyura', 'Grapsoidea', 'Varunidae', 'Cyclograpsus']"
Ocypode ceratophthalmus,"['Eukaryota', 'Metazoa', 'Ecdysozoa', 'Arthropoda', 'Crustacea', 'Malacostraca', 'Eumalacostraca', 'Eucarida', 'Decapoda', 'Pleocyemata', 'Brachyura', 'Eubrachyura', 'Ocypodoidea', 'Ocypodidae', 'Ocypodinae', 'Ocypode']","['Eumalacostraca', 'Eucarida', 'Decapoda', 'Pleocyemata', 'Brachyura', 'Eubrachyura', 'Ocypodoidea', 'Ocypodidae', 'Ocypodinae', 'Ocypode']"
Metanephrops thomsoni,"['Eukaryota', 'Metazoa', 'Ecdysozoa', 'Arthropoda', 'Crustacea', 'Malacostraca', 'Eumalacostraca', 'Eucarida', 'Decapoda', 'Pleocyemata', 'Astacidea', 'Nephropoidea', 'Nephropidae', 'Metanephrops']","['Eumalacostraca', 'Eucarida', 'Decapoda', 'Pleocyemata', 'Astacidea', 'Nephropoidea', 'Nephropidae', 'Metanephrops']"
Paratya australiensis,"['Eukaryota', 'Metazoa', 'Ecdysozoa', 'Arthropoda', 'Crustacea', 'Malacostraca', 'Eumalacostraca', 'Eucarida', 'Decapoda', 'Pleocyemata', 'Caridea', 'Atyoidea', 'Atyidae', 'Paratya']","['Eumalacostraca', 'Eucarida', 'Decapoda', 'Pleocyemata', 'Caridea', 'Atyoidea', 'Atyidae', 'Paratya']"
Macrobrachium bullatum,"['Eukaryota', 'Metazoa', 'Ecdysozoa', 'Arthropoda', 'Crustacea', 'Malacostraca', 'Eumalacostraca', 'Eucarida', 'Decapoda', 'Pleocyemata', 'Caridea', 'Palaemonoidea', 'Palaemonidae', 'Macrobrachium']","['Eumalacostraca', 'Eucarida', 'Decapoda', 'Pleocyemata', 'Caridea', 'Palaemonoidea', 'Palaemonidae', 'Macrobrachium']"
Palaemon serenus,"['Eukaryota', 'Metazoa', 'Ecdysozoa', 'Arthropoda', 'Crustacea', 'Malacostraca', 'Eumalacostraca', 'Eucarida', 'Decapoda', 'Pleocyemata', 'Caridea', 'Palaemonoidea', 'Palaemonidae', 'Palaemon']","['Eumalacostraca', 'Eucarida', 'Decapoda', 'Pleocyemata', 'Caridea', 'Palaemonoidea', 'Palaemonidae', 'Palaemon']"
Portunus pelagicus,"['Eukaryota', 'Metazoa', 'Ecdysozoa', 'Arthropoda', 'Crustacea', 'Malacostraca', 'Eumalacostraca', 'Eucarida', 'Decapoda', 'Pleocyemata', 'Brachyura', 'Eubrachyura', 'Portunoidea', 'Portunidae', 'Portunus']","['Eumalacostraca', 'Eucarida', 'Decapoda', 'Pleocyemata', 'Brachyura', 'Eubrachyura', 'Portunoidea', 'Portunidae', 'Portunus']"
Gandalfus puia,"['Eukaryota', 'Metazoa', 'Ecdysozoa', 'Arthropoda', 'Crustacea', 'Malacostraca', 'Eumalacostraca', 'Eucarida', 'Decapoda', 'Pleocyemata', 'Brachyura', 'Eubrachyura', 'Bythograeoidea', 'Bythograeidae', 'Gandalfus']","['Eumalacostraca', 'Eucarida', 'Decapoda', 'Pleocyemata', 'Brachyura', 'Eubrachyura', 'Bythograeoidea', 'Bythograeidae', 'Gandalfus']"
Squilloides leptosquilla,"['Eukaryota', 'Metazoa', 'Ecdysozoa', 'Arthropoda', 'Crustacea', 'Malacostraca', 'Eumalacostraca', 'Hoplocarida', 'Stomatopoda', 'Squillidae', 'Squilloides']","['Eumalacostraca', 'Hoplocarida', 'Stomatopoda', 'Squillidae', 'Squilloides']"
Rimicaris exoculata,"['Eukaryota', 'Metazoa', 'Ecdysozoa', 'Arthropoda', 'Crustacea', 'Malacostraca', 'Eumalacostraca', 'Eucarida', 'Decapoda', 'Pleocyemata', 'Caridea', 'Bresilioidea', 'Alvinocarididae', 'Rimicaris']","['Eumalacostraca', 'Eucarida', 'Decapoda', 'Pleocyemata', 'Caridea', 'Bresilioidea', 'Alvinocarididae', 'Rimicaris']"
Fenneropenaeus penicillatus,"['Eukaryota', 'Metazoa', 'Ecdysozoa', 'Arthropoda', 'Crustacea', 'Malacostraca', 'Eumalacostraca', 'Eucarida', 'Decapoda', 'Dendrobranchiata', 'Penaeoidea', 'Penaeidae', 'Fenneropenaeus']","['Eumalacostraca', 'Eucarida', 'Decapoda', 'Dendrobranchiata', 'Penaeoidea', 'Penaeidae', 'Fenneropenaeus']"
Fenneropenaeus merguiensis,"['Eukaryota', 'Metazoa', 'Ecdysozoa', 'Arthropoda', 'Crustacea', 'Malacostraca', 'Eumalacostraca', 'Eucarida', 'Decapoda', 'Dendrobranchiata', 'Penaeoidea', 'Penaeidae', 'Fenneropenaeus']","['Eumalacostraca', 'Eucarida', 'Decapoda', 'Dendrobranchiata', 'Penaeoidea', 'Penaeidae', 'Fenneropenaeus']"
Lyreidus brevifrons,"['Eukaryota', 'Metazoa', 'Ecdysozoa', 'Arthropoda', 'Crustacea', 'Malacostraca', 'Eumalacostraca', 'Eucarida', 'Decapoda', 'Pleocyemata', 'Brachyura', 'Eubrachyura', 'Raninoidea', 'Raninidae', 'Lyreidus']","['Eumalacostraca', 'Eucarida', 'Decapoda', 'Pleocyemata', 'Brachyura', 'Eubrachyura', 'Raninoidea', 'Raninidae', 'Lyreidus']"
Umalia orientalis,"['Eukaryota', 'Metazoa', 'Ecdysozoa', 'Arthropoda', 'Crustacea', 'Malacostraca', 'Eumalacostraca', 'Eucarida', 'Decapoda', 'Pleocyemata', 'Brachyura', 'Eubrachyura', 'Raninoidea', 'Raninidae', 'Umalia']","['Eumalacostraca', 'Eucarida', 'Decapoda', 'Pleocyemata', 'Brachyura', 'Eubrachyura', 'Raninoidea', 'Raninidae', 'Umalia']"
Eriocheir sinensis,"['Eukaryota', 'Metazoa', 'Ecdysozoa', 'Arthropoda', 'Crustacea', 'Malacostraca', 'Eumalacostraca', 'Eucarida', 'Decapoda', 'Pleocyemata', 'Brachyura', 'Eubrachyura', 'Grapsoidea', 'Varunidae', 'Eriocheir']","['Eumalacostraca', 'Eucarida', 'Decapoda', 'Pleocyemata', 'Brachyura', 'Eubrachyura', 'Grapsoidea', 'Varunidae', 'Eriocheir']"
Euastacus armatus,"['Eukaryota', 'Metazoa', 'Ecdysozoa', 'Arthropoda', 'Crustacea', 'Malacostraca', 'Eumalacostraca', 'Eucarida', 'Decapoda', 'Pleocyemata', 'Astacidea', 'Parastacoidea', 'Parastacidae', 'Euastacus']","['Eumalacostraca', 'Eucarida', 'Decapoda', 'Pleocyemata', 'Astacidea', 'Parastacoidea', 'Parastacidae', 'Euastacus']"
Faxonius limosus,"['Eukaryota', 'Metazoa', 'Ecdysozoa', 'Arthropoda', 'Crustacea', 'Malacostraca', 'Eumalacostraca', 'Eucarida', 'Decapoda', 'Pleocyemata', 'Astacidea', 'Astacoidea', 'Cambaridae', 'Faxonius']","['Eumalacostraca', 'Eucarida', 'Decapoda', 'Pleocyemata', 'Astacidea', 'Astacoidea', 'Cambaridae', 'Faxonius']"
Austropotamobius pallipes,"['Eukaryota', 'Metazoa', 'Ecdysozoa', 'Arthropoda', 'Crustacea', 'Malacostraca', 'Eumalacostraca', 'Eucarida', 'Decapoda', 'Pleocyemata', 'Astacidea', 'Astacoidea', 'Astacidae', 'Austropotamobius']","['Eumalacostraca', 'Eucarida', 'Decapoda', 'Pleocyemata', 'Astacidea', 'Astacoidea', 'Astacidae', 'Austropotamobius']"
Cherax tenuimanus,"['Eukaryota', 'Metazoa', 'Ecdysozoa', 'Arthropoda', 'Crustacea', 'Malacostraca', 'Eumalacostraca', 'Eucarida', 'Decapoda', 'Pleocyemata', 'Astacidea', 'Parastacoidea', 'Parastacidae', 'Cherax']","['Eumalacostraca', 'Eucarida', 'Decapoda', 'Pleocyemata', 'Astacidea', 'Parastacoidea', 'Parastacidae', 'Cherax']"
Homologenus malayensis,"['Eukaryota', 'Metazoa', 'Ecdysozoa', 'Arthropoda', 'Crustacea', 'Malacostraca', 'Eumalacostraca', 'Eucarida', 'Decapoda', 'Pleocyemata', 'Brachyura', 'Dromiacea', 'Homoloidea', 'Homolidae', 'Homologenus']","['Eumalacostraca', 'Eucarida', 'Decapoda', 'Pleocyemata', 'Brachyura', 'Dromiacea', 'Homoloidea', 'Homolidae', 'Homologenus']"
Brachyuropus grewingkii,"['Eukaryota', 'Metazoa', 'Ecdysozoa', 'Arthropoda', 'Crustacea', 'Malacostraca', 'Eumalacostraca', 'Peracarida', 'Amphipoda', 'Senticaudata', 'Gammarida', 'Gammaridira', 'Gammaroidea', 'Acanthogammaridae', 'Acanthogammarinae', 'Brachyuropus']","['Eumalacostraca', 'Peracarida', 'Amphipoda', 'Senticaudata', 'Gammarida', 'Gammaridira', 'Gammaroidea', 'Acanthogammaridae', 'Acanthogammarinae', 'Brachyuropus']"
Portunus pelagicus,"['Eukaryota', 'Metazoa', 'Ecdysozoa', 'Arthropoda', 'Crustacea', 'Malacostraca', 'Eumalacostraca', 'Eucarida', 'Decapoda', 'Pleocyemata', 'Brachyura', 'Eubrachyura', 'Portunoidea', 'Portunidae', 'Portunus']","['Eumalacostraca', 'Eucarida', 'Decapoda', 'Pleocyemata', 'Brachyura', 'Eubrachyura', 'Portunoidea', 'Portunidae', 'Portunus']"
Cherax sp. YPL-2015,"['Eukaryota', 'Metazoa', 'Ecdysozoa', 'Arthropoda', 'Crustacea', 'Malacostraca', 'Eumalacostraca', 'Eucarida', 'Decapoda', 'Pleocyemata', 'Astacidea', 'Parastacoidea', 'Parastacidae', 'Cherax']","['Eumalacostraca', 'Eucarida', 'Decapoda', 'Pleocyemata', 'Astacidea', 'Parastacoidea', 'Parastacidae', 'Cherax']"
Eriocheir sinensis,"['Eukaryota', 'Metazoa', 'Ecdysozoa', 'Arthropoda', 'Crustacea', 'Malacostraca', 'Eumalacostraca', 'Eucarida', 'Decapoda', 'Pleocyemata', 'Brachyura', 'Eubrachyura', 'Grapsoidea', 'Varunidae', 'Eriocheir']","['Eumalacostraca', 'Eucarida', 'Decapoda', 'Pleocyemata', 'Brachyura', 'Eubrachyura', 'Grapsoidea', 'Varunidae', 'Eriocheir']"
Cherax destructor,"['Eukaryota', 'Metazoa', 'Ecdysozoa', 'Arthropoda', 'Crustacea', 'Malacostraca', 'Eumalacostraca', 'Eucarida', 'Decapoda', 'Pleocyemata', 'Astacidea', 'Parastacoidea', 'Parastacidae', 'Cherax']","['Eumalacostraca', 'Eucarida', 'Decapoda', 'Pleocyemata', 'Astacidea', 'Parastacoidea', 'Parastacidae', 'Cherax']"
Clibanarius infraspinatus,"['Eukaryota', 'Metazoa', 'Ecdysozoa', 'Arthropoda', 'Crustacea', 'Malacostraca', 'Eumalacostraca', 'Eucarida', 'Decapoda', 'Pleocyemata', 'Anomura', 'Paguroidea', 'Diogenidae', 'Clibanarius']","['Eumalacostraca', 'Eucarida', 'Decapoda', 'Pleocyemata', 'Anomura', 'Paguroidea', 'Diogenidae', 'Clibanarius']"
Tenuibranchiurus glypticus,"['Eukaryota', 'Metazoa', 'Ecdysozoa', 'Arthropoda', 'Crustacea', 'Malacostraca', 'Eumalacostraca', 'Eucarida', 'Decapoda', 'Pleocyemata', 'Astacidea', 'Parastacoidea', 'Parastacidae', 'Tenuibranchiurus']","['Eumalacostraca', 'Eucarida', 'Decapoda', 'Pleocyemata', 'Astacidea', 'Parastacoidea', 'Parastacidae', 'Tenuibranchiurus']"
Enoplometopus debelius,"['Eukaryota', 'Metazoa', 'Ecdysozoa', 'Arthropoda', 'Crustacea', 'Malacostraca', 'Eumalacostraca', 'Eucarida', 'Decapoda', 'Pleocyemata', 'Astacidea', 'Enoplometopoidea', 'Enoplometopidae', 'Enoplometopus']","['Eumalacostraca', 'Eucarida', 'Decapoda', 'Pleocyemata', 'Astacidea', 'Enoplometopoidea', 'Enoplometopidae', 'Enoplometopus']"
Ibacus ciliatus,"['Eukaryota', 'Metazoa', 'Ecdysozoa', 'Arthropoda', 'Crustacea', 'Malacostraca', 'Eumalacostraca', 'Eucarida', 'Decapoda', 'Pleocyemata', 'Achelata', 'Palinuroidea', 'Scyllaridae', 'Ibacus']","['Eumalacostraca', 'Eucarida', 'Decapoda', 'Pleocyemata', 'Achelata', 'Palinuroidea', 'Scyllaridae', 'Ibacus']"
Petrolisthes haswelli,"['Eukaryota', 'Metazoa', 'Ecdysozoa', 'Arthropoda', 'Crustacea', 'Malacostraca', 'Eumalacostraca', 'Eucarida', 'Decapoda', 'Pleocyemata', 'Anomura', 'Galatheoidea', 'Porcellanidae', 'Petrolisthes']","['Eumalacostraca', 'Eucarida', 'Decapoda', 'Pleocyemata', 'Anomura', 'Galatheoidea', 'Porcellanidae', 'Petrolisthes']"
Eulimnogammarus vittatus,"['Eukaryota', 'Metazoa', 'Ecdysozoa', 'Arthropoda', 'Crustacea', 'Malacostraca', 'Eumalacostraca', 'Peracarida', 'Amphipoda', 'Senticaudata', 'Gammarida', 'Gammaridira', 'Gammaroidea', 'Eulimnogammaridae', 'Eulimnogammarinae', 'Eulimnogammarus']","['Eumalacostraca', 'Peracarida', 'Amphipoda', 'Senticaudata', 'Gammarida', 'Gammaridira', 'Gammaroidea', 'Eulimnogammaridae', 'Eulimnogammarinae', 'Eulimnogammarus']"
Damithrax spinosissimus,"['Eukaryota', 'Metazoa', 'Ecdysozoa', 'Arthropoda', 'Crustacea', 'Malacostraca', 'Eumalacostraca', 'Eucarida', 'Decapoda', 'Pleocyemata', 'Brachyura', 'Eubrachyura', 'Majoidea', 'Mithracidae', 'Damithrax']","['Eumalacostraca', 'Eucarida', 'Decapoda', 'Pleocyemata', 'Brachyura', 'Eubrachyura', 'Majoidea', 'Mithracidae', 'Damithrax']"
Mictyris longicarpus,"['Eukaryota', 'Metazoa', 'Ecdysozoa', 'Arthropoda', 'Crustacea', 'Malacostraca', 'Eumalacostraca', 'Eucarida', 'Decapoda', 'Pleocyemata', 'Brachyura', 'Eubrachyura', 'Ocypodoidea', 'Mictyridae', 'Mictyris']","['Eumalacostraca', 'Eucarida', 'Decapoda', 'Pleocyemata', 'Brachyura', 'Eubrachyura', 'Ocypodoidea', 'Mictyridae', 'Mictyris']"
Neocaridina denticulata,"['Eukaryota', 'Metazoa', 'Ecdysozoa', 'Arthropoda', 'Crustacea', 'Malacostraca', 'Eumalacostraca', 'Eucarida', 'Decapoda', 'Pleocyemata', 'Caridea', 'Atyoidea', 'Atyidae', 'Neocaridina']","['Eumalacostraca', 'Eucarida', 'Decapoda', 'Pleocyemata', 'Caridea', 'Atyoidea', 'Atyidae', 'Neocaridina']"
Pachygrapsus crassipes,"['Eukaryota', 'Metazoa', 'Ecdysozoa', 'Arthropoda', 'Crustacea', 'Malacostraca', 'Eumalacostraca', 'Eucarida', 'Decapoda', 'Pleocyemata', 'Brachyura', 'Eubrachyura', 'Grapsoidea', 'Grapsidae', 'Pachygrapsus']","['Eumalacostraca', 'Eucarida', 'Decapoda', 'Pleocyemata', 'Brachyura', 'Eubrachyura', 'Grapsoidea', 'Grapsidae', 'Pachygrapsus']"
Palinurellus wieneckii,"['Eukaryota', 'Metazoa', 'Ecdysozoa', 'Arthropoda', 'Crustacea', 'Malacostraca', 'Eumalacostraca', 'Eucarida', 'Decapoda', 'Pleocyemata', 'Achelata', 'Palinuroidea', 'Synaxidae', 'Palinurellus']","['Eumalacostraca', 'Eucarida', 'Decapoda', 'Pleocyemata', 'Achelata', 'Palinuroidea', 'Synaxidae', 'Palinurellus']"
Paraglypturus tonganus,"['Eukaryota', 'Metazoa', 'Ecdysozoa', 'Arthropoda', 'Crustacea', 'Malacostraca', 'Eumalacostraca', 'Eucarida', 'Decapoda', 'Pleocyemata', 'Axiidea', 'Callianassidae', 'Paraglypturus']","['Eumalacostraca', 'Eucarida', 'Decapoda', 'Pleocyemata', 'Axiidea', 'Callianassidae', 'Paraglypturus']"
Charybdis feriata,"['Eukaryota', 'Metazoa', 'Ecdysozoa', 'Arthropoda', 'Crustacea', 'Malacostraca', 'Eumalacostraca', 'Eucarida', 'Decapoda', 'Pleocyemata', 'Brachyura', 'Eubrachyura', 'Portunoidea', 'Portunidae', 'Charybdis']","['Eumalacostraca', 'Eucarida', 'Decapoda', 'Pleocyemata', 'Brachyura', 'Eubrachyura', 'Portunoidea', 'Portunidae', 'Charybdis']"
Ranina ranina,"['Eukaryota', 'Metazoa', 'Ecdysozoa', 'Arthropoda', 'Crustacea', 'Malacostraca', 'Eumalacostraca', 'Eucarida', 'Decapoda', 'Pleocyemata', 'Brachyura', 'Eubrachyura', 'Raninoidea', 'Raninidae', 'Ranina']","['Eumalacostraca', 'Eucarida', 'Decapoda', 'Pleocyemata', 'Brachyura', 'Eubrachyura', 'Raninoidea', 'Raninidae', 'Ranina']"
Ilyoplax deschampsi,"['Eukaryota', 'Metazoa', 'Ecdysozoa', 'Arthropoda', 'Crustacea', 'Malacostraca', 'Eumalacostraca', 'Eucarida', 'Decapoda', 'Pleocyemata', 'Brachyura', 'Eubrachyura', 'Ocypodoidea', 'Dotillidae', 'Ilyoplax']","['Eumalacostraca', 'Eucarida', 'Decapoda', 'Pleocyemata', 'Brachyura', 'Eubrachyura', 'Ocypodoidea', 'Dotillidae', 'Ilyoplax']"
Engaeus quadrimanus,"['Eukaryota', 'Metazoa', 'Ecdysozoa', 'Arthropoda', 'Crustacea', 'Malacostraca', 'Eumalacostraca', 'Eucarida', 'Decapoda', 'Pleocyemata', 'Astacidea', 'Parastacoidea', 'Parastacidae', 'Engaeus']","['Eumalacostraca', 'Eucarida', 'Decapoda', 'Pleocyemata', 'Astacidea', 'Parastacoidea', 'Parastacidae', 'Engaeus']"
Engaeus sericatus,"['Eukaryota', 'Metazoa', 'Ecdysozoa', 'Arthropoda', 'Crustacea', 'Malacostraca', 'Eumalacostraca', 'Eucarida', 'Decapoda', 'Pleocyemata', 'Astacidea', 'Parastacoidea', 'Parastacidae', 'Engaeus']","['Eumalacostraca', 'Eucarida', 'Decapoda', 'Pleocyemata', 'Astacidea', 'Parastacoidea', 'Parastacidae', 'Engaeus']"
Thenus orientalis,"['Eukaryota', 'Metazoa', 'Ecdysozoa', 'Arthropoda', 'Crustacea', 'Malacostraca', 'Eumalacostraca', 'Eucarida', 'Decapoda', 'Pleocyemata', 'Achelata', 'Palinuroidea', 'Scyllaridae', 'Thenus']","['Eumalacostraca', 'Eucarida', 'Decapoda', 'Pleocyemata', 'Achelata', 'Palinuroidea', 'Scyllaridae', 'Thenus']"
Thalamita crenata,"['Eukaryota', 'Metazoa', 'Ecdysozoa', 'Arthropoda', 'Crustacea', 'Malacostraca', 'Eumalacostraca', 'Eucarida', 'Decapoda', 'Pleocyemata', 'Brachyura', 'Eubrachyura', 'Portunoidea', 'Portunidae', 'Thalamita']","['Eumalacostraca', 'Eucarida', 'Decapoda', 'Pleocyemata', 'Brachyura', 'Eubrachyura', 'Portunoidea', 'Portunidae', 'Thalamita']"
Myomenippe fornasinii,"['Eukaryota', 'Metazoa', 'Ecdysozoa', 'Arthropoda', 'Crustacea', 'Malacostraca', 'Eumalacostraca', 'Eucarida', 'Decapoda', 'Pleocyemata', 'Brachyura', 'Eubrachyura', 'Eriphioidea', 'Menippidae', 'Myomenippe']","['Eumalacostraca', 'Eucarida', 'Decapoda', 'Pleocyemata', 'Brachyura', 'Eubrachyura', 'Eriphioidea', 'Menippidae', 'Myomenippe']"
Ashtoret lunaris,"['Eukaryota', 'Metazoa', 'Ecdysozoa', 'Arthropoda', 'Crustacea', 'Malacostraca', 'Eumalacostraca', 'Eucarida', 'Decapoda', 'Pleocyemata', 'Brachyura', 'Eubrachyura', 'Calappoidea', 'Matutidae', 'Ashtoret']","['Eumalacostraca', 'Eucarida', 'Decapoda', 'Pleocyemata', 'Brachyura', 'Eubrachyura', 'Calappoidea', 'Matutidae', 'Ashtoret']"
Gramastacus lacus,"['Eukaryota', 'Metazoa', 'Ecdysozoa', 'Arthropoda', 'Crustacea', 'Malacostraca', 'Eumalacostraca', 'Eucarida', 'Decapoda', 'Pleocyemata', 'Astacidea', 'Parastacoidea', 'Parastacidae', 'Gramastacus']","['Eumalacostraca', 'Eucarida', 'Decapoda', 'Pleocyemata', 'Astacidea', 'Parastacoidea', 'Parastacidae', 'Gramastacus']"
Lithodes nintokuae,"['Eukaryota', 'Metazoa', 'Ecdysozoa', 'Arthropoda', 'Crustacea', 'Malacostraca', 'Eumalacostraca', 'Eucarida', 'Decapoda', 'Pleocyemata', 'Anomura', 'Paguroidea', 'Lithodidae', 'Lithodes']","['Eumalacostraca', 'Eucarida', 'Decapoda', 'Pleocyemata', 'Anomura', 'Paguroidea', 'Lithodidae', 'Lithodes']"
Limnoria quadripunctata,"['Eukaryota', 'Metazoa', 'Ecdysozoa', 'Arthropoda', 'Crustacea', 'Malacostraca', 'Eumalacostraca', 'Peracarida', 'Isopoda', 'Limnoriidae', 'Limnoria']","['Eumalacostraca', 'Peracarida', 'Isopoda', 'Limnoriidae', 'Limnoria']"
Cherax cainii,"['Eukaryota', 'Metazoa', 'Ecdysozoa', 'Arthropoda', 'Crustacea', 'Malacostraca', 'Eumalacostraca', 'Eucarida', 'Decapoda', 'Pleocyemata', 'Astacidea', 'Parastacoidea', 'Parastacidae', 'Cherax']","['Eumalacostraca', 'Eucarida', 'Decapoda', 'Pleocyemata', 'Astacidea', 'Parastacoidea', 'Parastacidae', 'Cherax']"
Cherax quadricarinatus,"['Eukaryota', 'Metazoa', 'Ecdysozoa', 'Arthropoda', 'Crustacea', 'Malacostraca', 'Eumalacostraca', 'Eucarida', 'Decapoda', 'Pleocyemata', 'Astacidea', 'Parastacoidea', 'Parastacidae', 'Cherax']","['Eumalacostraca', 'Eucarida', 'Decapoda', 'Pleocyemata', 'Astacidea', 'Parastacoidea', 'Parastacidae', 'Cherax']"
Cherax destructor,"['Eukaryota', 'Metazoa', 'Ecdysozoa', 'Arthropoda', 'Crustacea', 'Malacostraca', 'Eumalacostraca', 'Eucarida', 'Decapoda', 'Pleocyemata', 'Astacidea', 'Parastacoidea', 'Parastacidae', 'Cherax']","['Eumalacostraca', 'Eucarida', 'Decapoda', 'Pleocyemata', 'Astacidea', 'Parastacoidea', 'Parastacidae', 'Cherax']"
Cherax destructor,"['Eukaryota', 'Metazoa', 'Ecdysozoa', 'Arthropoda', 'Crustacea', 'Malacostraca', 'Eumalacostraca', 'Eucarida', 'Decapoda', 'Pleocyemata', 'Astacidea', 'Parastacoidea', 'Parastacidae', 'Cherax']","['Eumalacostraca', 'Eucarida', 'Decapoda', 'Pleocyemata', 'Astacidea', 'Parastacoidea', 'Parastacidae', 'Cherax']"
Geocharax gracilis,"['Eukaryota', 'Metazoa', 'Ecdysozoa', 'Arthropoda', 'Crustacea', 'Malacostraca', 'Eumalacostraca', 'Eucarida', 'Decapoda', 'Pleocyemata', 'Astacidea', 'Parastacoidea', 'Parastacidae', 'Geocharax']","['Eumalacostraca', 'Eucarida', 'Decapoda', 'Pleocyemata', 'Astacidea', 'Parastacoidea', 'Parastacidae', 'Geocharax']"
Cherax destructor,"['Eukaryota', 'Metazoa', 'Ecdysozoa', 'Arthropoda', 'Crustacea', 'Malacostraca', 'Eumalacostraca', 'Eucarida', 'Decapoda', 'Pleocyemata', 'Astacidea', 'Parastacoidea', 'Parastacidae', 'Cherax']","['Eumalacostraca', 'Eucarida', 'Decapoda', 'Pleocyemata', 'Astacidea', 'Parastacoidea', 'Parastacidae', 'Cherax']"
Cherax destructor,"['Eukaryota', 'Metazoa', 'Ecdysozoa', 'Arthropoda', 'Crustacea', 'Malacostraca', 'Eumalacostraca', 'Eucarida', 'Decapoda', 'Pleocyemata', 'Astacidea', 'Parastacoidea', 'Parastacidae', 'Cherax']","['Eumalacostraca', 'Eucarida', 'Decapoda', 'Pleocyemata', 'Astacidea', 'Parastacoidea', 'Parastacidae', 'Cherax']"
Cherax destructor,"['Eukaryota', 'Metazoa', 'Ecdysozoa', 'Arthropoda', 'Crustacea', 'Malacostraca', 'Eumalacostraca', 'Eucarida', 'Decapoda', 'Pleocyemata', 'Astacidea', 'Parastacoidea', 'Parastacidae', 'Cherax']","['Eumalacostraca', 'Eucarida', 'Decapoda', 'Pleocyemata', 'Astacidea', 'Parastacoidea', 'Parastacidae', 'Cherax']"
Cherax destructor,"['Eukaryota', 'Metazoa', 'Ecdysozoa', 'Arthropoda', 'Crustacea', 'Malacostraca', 'Eumalacostraca', 'Eucarida', 'Decapoda', 'Pleocyemata', 'Astacidea', 'Parastacoidea', 'Parastacidae', 'Cherax']","['Eumalacostraca', 'Eucarida', 'Decapoda', 'Pleocyemata', 'Astacidea', 'Parastacoidea', 'Parastacidae', 'Cherax']"
Engaeus lyelli,"['Eukaryota', 'Metazoa', 'Ecdysozoa', 'Arthropoda', 'Crustacea', 'Malacostraca', 'Eumalacostraca', 'Eucarida', 'Decapoda', 'Pleocyemata', 'Astacidea', 'Parastacoidea', 'Parastacidae', 'Engaeus']","['Eumalacostraca', 'Eucarida', 'Decapoda', 'Pleocyemata', 'Astacidea', 'Parastacoidea', 'Parastacidae', 'Engaeus']"
Cherax cainii,"['Eukaryota', 'Metazoa', 'Ecdysozoa', 'Arthropoda', 'Crustacea', 'Malacostraca', 'Eumalacostraca', 'Eucarida', 'Decapoda', 'Pleocyemata', 'Astacidea', 'Parastacoidea', 'Parastacidae', 'Cherax']","['Eumalacostraca', 'Eucarida', 'Decapoda', 'Pleocyemata', 'Astacidea', 'Parastacoidea', 'Parastacidae', 'Cherax']"
Cherax crassimanus,"['Eukaryota', 'Metazoa', 'Ecdysozoa', 'Arthropoda', 'Crustacea', 'Malacostraca', 'Eumalacostraca', 'Eucarida', 'Decapoda', 'Pleocyemata', 'Astacidea', 'Parastacoidea', 'Parastacidae', 'Cherax']","['Eumalacostraca', 'Eucarida', 'Decapoda', 'Pleocyemata', 'Astacidea', 'Parastacoidea', 'Parastacidae', 'Cherax']"
Cherax monticola,"['Eukaryota', 'Metazoa', 'Ecdysozoa', 'Arthropoda', 'Crustacea', 'Malacostraca', 'Eumalacostraca', 'Eucarida', 'Decapoda', 'Pleocyemata', 'Astacidea', 'Parastacoidea', 'Parastacidae', 'Cherax']","['Eumalacostraca', 'Eucarida', 'Decapoda', 'Pleocyemata', 'Astacidea', 'Parastacoidea', 'Parastacidae', 'Cherax']"
Alvinocaris longirostris,"['Eukaryota', 'Metazoa', 'Ecdysozoa', 'Arthropoda', 'Crustacea', 'Malacostraca', 'Eumalacostraca', 'Eucarida', 'Decapoda', 'Pleocyemata', 'Caridea', 'Bresilioidea', 'Alvinocarididae', 'Alvinocaris']","['Eumalacostraca', 'Eucarida', 'Decapoda', 'Pleocyemata', 'Caridea', 'Bresilioidea', 'Alvinocarididae', 'Alvinocaris']"
Cherax preissii,"['Eukaryota', 'Metazoa', 'Ecdysozoa', 'Arthropoda', 'Crustacea', 'Malacostraca', 'Eumalacostraca', 'Eucarida', 'Decapoda', 'Pleocyemata', 'Astacidea', 'Parastacoidea', 'Parastacidae', 'Cherax']","['Eumalacostraca', 'Eucarida', 'Decapoda', 'Pleocyemata', 'Astacidea', 'Parastacoidea', 'Parastacidae', 'Cherax']"
Cherax cairnsensis,"['Eukaryota', 'Metazoa', 'Ecdysozoa', 'Arthropoda', 'Crustacea', 'Malacostraca', 'Eumalacostraca', 'Eucarida', 'Decapoda', 'Pleocyemata', 'Astacidea', 'Parastacoidea', 'Parastacidae', 'Cherax']","['Eumalacostraca', 'Eucarida', 'Decapoda', 'Pleocyemata', 'Astacidea', 'Parastacoidea', 'Parastacidae', 'Cherax']"
Cherax dispar,"['Eukaryota', 'Metazoa', 'Ecdysozoa', 'Arthropoda', 'Crustacea', 'Malacostraca', 'Eumalacostraca', 'Eucarida', 'Decapoda', 'Pleocyemata', 'Astacidea', 'Parastacoidea', 'Parastacidae', 'Cherax']","['Eumalacostraca', 'Eucarida', 'Decapoda', 'Pleocyemata', 'Astacidea', 'Parastacoidea', 'Parastacidae', 'Cherax']"
Cherax quinquecarinatus,"['Eukaryota', 'Metazoa', 'Ecdysozoa', 'Arthropoda', 'Crustacea', 'Malacostraca', 'Eumalacostraca', 'Eucarida', 'Decapoda', 'Pleocyemata', 'Astacidea', 'Parastacoidea', 'Parastacidae', 'Cherax']","['Eumalacostraca', 'Eucarida', 'Decapoda', 'Pleocyemata', 'Astacidea', 'Parastacoidea', 'Parastacidae', 'Cherax']"
Cherax robustus,"['Eukaryota', 'Metazoa', 'Ecdysozoa', 'Arthropoda', 'Crustacea', 'Malacostraca', 'Eumalacostraca', 'Eucarida', 'Decapoda', 'Pleocyemata', 'Astacidea', 'Parastacoidea', 'Parastacidae', 'Cherax']","['Eumalacostraca', 'Eucarida', 'Decapoda', 'Pleocyemata', 'Astacidea', 'Parastacoidea', 'Parastacidae', 'Cherax']"
Ranina ranina,"['Eukaryota', 'Metazoa', 'Ecdysozoa', 'Arthropoda', 'Crustacea', 'Malacostraca', 'Eumalacostraca', 'Eucarida', 'Decapoda', 'Pleocyemata', 'Brachyura', 'Eubrachyura', 'Raninoidea', 'Raninidae', 'Ranina']","['Eumalacostraca', 'Eucarida', 'Decapoda', 'Pleocyemata', 'Brachyura', 'Eubrachyura', 'Raninoidea', 'Raninidae', 'Ranina']"
Cherax sp. HG-2014b,"['Eukaryota', 'Metazoa', 'Ecdysozoa', 'Arthropoda', 'Crustacea', 'Malacostraca', 'Eumalacostraca', 'Eucarida', 'Decapoda', 'Pleocyemata', 'Astacidea', 'Parastacoidea', 'Parastacidae', 'Cherax']","['Eumalacostraca', 'Eucarida', 'Decapoda', 'Pleocyemata', 'Astacidea', 'Parastacoidea', 'Parastacidae', 'Cherax']"
Cherax sp. HG-2014a,"['Eukaryota', 'Metazoa', 'Ecdysozoa', 'Arthropoda', 'Crustacea', 'Malacostraca', 'Eumalacostraca', 'Eucarida', 'Decapoda', 'Pleocyemata', 'Astacidea', 'Parastacoidea', 'Parastacidae', 'Cherax']","['Eumalacostraca', 'Eucarida', 'Decapoda', 'Pleocyemata', 'Astacidea', 'Parastacoidea', 'Parastacidae', 'Cherax']"
Cherax sp. HG-2014a,"['Eukaryota', 'Metazoa', 'Ecdysozoa', 'Arthropoda', 'Crustacea', 'Malacostraca', 'Eumalacostraca', 'Eucarida', 'Decapoda', 'Pleocyemata', 'Astacidea', 'Parastacoidea', 'Parastacidae', 'Cherax']","['Eumalacostraca', 'Eucarida', 'Decapoda', 'Pleocyemata', 'Astacidea', 'Parastacoidea', 'Parastacidae', 'Cherax']"
Procambarus clarkii,"['Eukaryota', 'Metazoa', 'Ecdysozoa', 'Arthropoda', 'Crustacea', 'Malacostraca', 'Eumalacostraca', 'Eucarida', 'Decapoda', 'Pleocyemata', 'Astacidea', 'Astacoidea', 'Cambaridae', 'Procambarus']","['Eumalacostraca', 'Eucarida', 'Decapoda', 'Pleocyemata', 'Astacidea', 'Astacoidea', 'Cambaridae', 'Procambarus']"
Cherax glaber,"['Eukaryota', 'Metazoa', 'Ecdysozoa', 'Arthropoda', 'Crustacea', 'Malacostraca', 'Eumalacostraca', 'Eucarida', 'Decapoda', 'Pleocyemata', 'Astacidea', 'Parastacoidea', 'Parastacidae', 'Cherax']","['Eumalacostraca', 'Eucarida', 'Decapoda', 'Pleocyemata', 'Astacidea', 'Parastacoidea', 'Parastacidae', 'Cherax']"
Cherax quadricarinatus,"['Eukaryota', 'Metazoa', 'Ecdysozoa', 'Arthropoda', 'Crustacea', 'Malacostraca', 'Eumalacostraca', 'Eucarida', 'Decapoda', 'Pleocyemata', 'Astacidea', 'Parastacoidea', 'Parastacidae', 'Cherax']","['Eumalacostraca', 'Eucarida', 'Decapoda', 'Pleocyemata', 'Astacidea', 'Parastacoidea', 'Parastacidae', 'Cherax']"
Halocaridina rubra,"['Eukaryota', 'Metazoa', 'Ecdysozoa', 'Arthropoda', 'Crustacea', 'Malacostraca', 'Eumalacostraca', 'Eucarida', 'Decapoda', 'Pleocyemata', 'Caridea', 'Atyoidea', 'Atyidae', 'Halocaridina']","['Eumalacostraca', 'Eucarida', 'Decapoda', 'Pleocyemata', 'Caridea', 'Atyoidea', 'Atyidae', 'Halocaridina']"
Halocaridina rubra,"['Eukaryota', 'Metazoa', 'Ecdysozoa', 'Arthropoda', 'Crustacea', 'Malacostraca', 'Eumalacostraca', 'Eucarida', 'Decapoda', 'Pleocyemata', 'Caridea', 'Atyoidea', 'Atyidae', 'Halocaridina']","['Eumalacostraca', 'Eucarida', 'Decapoda', 'Pleocyemata', 'Caridea', 'Atyoidea', 'Atyidae', 'Halocaridina']"
Halocaridina rubra,"['Eukaryota', 'Metazoa', 'Ecdysozoa', 'Arthropoda', 'Crustacea', 'Malacostraca', 'Eumalacostraca', 'Eucarida', 'Decapoda', 'Pleocyemata', 'Caridea', 'Atyoidea', 'Atyidae', 'Halocaridina']","['Eumalacostraca', 'Eucarida', 'Decapoda', 'Pleocyemata', 'Caridea', 'Atyoidea', 'Atyidae', 'Halocaridina']"
Halocaridina rubra,"['Eukaryota', 'Metazoa', 'Ecdysozoa', 'Arthropoda', 'Crustacea', 'Malacostraca', 'Eumalacostraca', 'Eucarida', 'Decapoda', 'Pleocyemata', 'Caridea', 'Atyoidea', 'Atyidae', 'Halocaridina']","['Eumalacostraca', 'Eucarida', 'Decapoda', 'Pleocyemata', 'Caridea', 'Atyoidea', 'Atyidae', 'Halocaridina']"
Halocaridina rubra,"['Eukaryota', 'Metazoa', 'Ecdysozoa', 'Arthropoda', 'Crustacea', 'Malacostraca', 'Eumalacostraca', 'Eucarida', 'Decapoda', 'Pleocyemata', 'Caridea', 'Atyoidea', 'Atyidae', 'Halocaridina']","['Eumalacostraca', 'Eucarida', 'Decapoda', 'Pleocyemata', 'Caridea', 'Atyoidea', 'Atyidae', 'Halocaridina']"
Halocaridina rubra,"['Eukaryota', 'Metazoa', 'Ecdysozoa', 'Arthropoda', 'Crustacea', 'Malacostraca', 'Eumalacostraca', 'Eucarida', 'Decapoda', 'Pleocyemata', 'Caridea', 'Atyoidea', 'Atyidae', 'Halocaridina']","['Eumalacostraca', 'Eucarida', 'Decapoda', 'Pleocyemata', 'Caridea', 'Atyoidea', 'Atyidae', 'Halocaridina']"
Halocaridina rubra,"['Eukaryota', 'Metazoa', 'Ecdysozoa', 'Arthropoda', 'Crustacea', 'Malacostraca', 'Eumalacostraca', 'Eucarida', 'Decapoda', 'Pleocyemata', 'Caridea', 'Atyoidea', 'Atyidae', 'Halocaridina']","['Eumalacostraca', 'Eucarida', 'Decapoda', 'Pleocyemata', 'Caridea', 'Atyoidea', 'Atyidae', 'Halocaridina']"
Halocaridina rubra,"['Eukaryota', 'Metazoa', 'Ecdysozoa', 'Arthropoda', 'Crustacea', 'Malacostraca', 'Eumalacostraca', 'Eucarida', 'Decapoda', 'Pleocyemata', 'Caridea', 'Atyoidea', 'Atyidae', 'Halocaridina']","['Eumalacostraca', 'Eucarida', 'Decapoda', 'Pleocyemata', 'Caridea', 'Atyoidea', 'Atyidae', 'Halocaridina']"
Paralithodes camtschaticus,"['Eukaryota', 'Metazoa', 'Ecdysozoa', 'Arthropoda', 'Crustacea', 'Malacostraca', 'Eumalacostraca', 'Eucarida', 'Decapoda', 'Pleocyemata', 'Anomura', 'Paguroidea', 'Lithodidae', 'Paralithodes']","['Eumalacostraca', 'Eucarida', 'Decapoda', 'Pleocyemata', 'Anomura', 'Paguroidea', 'Lithodidae', 'Paralithodes']"
Chionoecetes japonicus pacificus,"['Eukaryota', 'Metazoa', 'Ecdysozoa', 'Arthropoda', 'Crustacea', 'Malacostraca', 'Eumalacostraca', 'Eucarida', 'Decapoda', 'Pleocyemata', 'Brachyura', 'Eubrachyura', 'Majoidea', 'Majidae', 'Chionoecetes']","['Eumalacostraca', 'Eucarida', 'Decapoda', 'Pleocyemata', 'Brachyura', 'Eubrachyura', 'Majoidea', 'Majidae', 'Chionoecetes']"
Paralithodes brevipes,"['Eukaryota', 'Metazoa', 'Ecdysozoa', 'Arthropoda', 'Crustacea', 'Malacostraca', 'Eumalacostraca', 'Eucarida', 'Decapoda', 'Pleocyemata', 'Anomura', 'Paguroidea', 'Lithodidae', 'Paralithodes']","['Eumalacostraca', 'Eucarida', 'Decapoda', 'Pleocyemata', 'Anomura', 'Paguroidea', 'Lithodidae', 'Paralithodes']"
Homarus americanus,"['Eukaryota', 'Metazoa', 'Ecdysozoa', 'Arthropoda', 'Crustacea', 'Malacostraca', 'Eumalacostraca', 'Eucarida', 'Decapoda', 'Pleocyemata', 'Astacidea', 'Nephropoidea', 'Nephropidae', 'Homarus']","['Eumalacostraca', 'Eucarida', 'Decapoda', 'Pleocyemata', 'Astacidea', 'Nephropoidea', 'Nephropidae', 'Homarus']"
Austinograea alayseae,"['Eukaryota', 'Metazoa', 'Ecdysozoa', 'Arthropoda', 'Crustacea', 'Malacostraca', 'Eumalacostraca', 'Eucarida', 'Decapoda', 'Pleocyemata', 'Brachyura', 'Eubrachyura', 'Bythograeoidea', 'Bythograeidae', 'Austinograea']","['Eumalacostraca', 'Eucarida', 'Decapoda', 'Pleocyemata', 'Brachyura', 'Eubrachyura', 'Bythograeoidea', 'Bythograeidae', 'Austinograea']"
Enoplometopus occidentalis,"['Eukaryota', 'Metazoa', 'Ecdysozoa', 'Arthropoda', 'Crustacea', 'Malacostraca', 'Eumalacostraca', 'Eucarida', 'Decapoda', 'Pleocyemata', 'Astacidea', 'Enoplometopoidea', 'Enoplometopidae', 'Enoplometopus']","['Eumalacostraca', 'Eucarida', 'Decapoda', 'Pleocyemata', 'Astacidea', 'Enoplometopoidea', 'Enoplometopidae', 'Enoplometopus']"
Polycheles typhlops,"['Eukaryota', 'Metazoa', 'Ecdysozoa', 'Arthropoda', 'Crustacea', 'Malacostraca', 'Eumalacostraca', 'Eucarida', 'Decapoda', 'Pleocyemata', 'Polychelida', 'Eryonoidea', 'Polychelidae', 'Polycheles']","['Eumalacostraca', 'Eucarida', 'Decapoda', 'Pleocyemata', 'Polychelida', 'Eryonoidea', 'Polychelidae', 'Polycheles']"
Neopetrolisthes maculatus,"['Eukaryota', 'Metazoa', 'Ecdysozoa', 'Arthropoda', 'Crustacea', 'Malacostraca', 'Eumalacostraca', 'Eucarida', 'Decapoda', 'Pleocyemata', 'Anomura', 'Galatheoidea', 'Porcellanidae', 'Neopetrolisthes']","['Eumalacostraca', 'Eucarida', 'Decapoda', 'Pleocyemata', 'Anomura', 'Galatheoidea', 'Porcellanidae', 'Neopetrolisthes']"
Upogebia pusilla,"['Eukaryota', 'Metazoa', 'Ecdysozoa', 'Arthropoda', 'Crustacea', 'Malacostraca', 'Eumalacostraca', 'Eucarida', 'Decapoda', 'Pleocyemata', 'Gebiidea', 'Upogebiidae', 'Upogebia']","['Eumalacostraca', 'Eucarida', 'Decapoda', 'Pleocyemata', 'Gebiidea', 'Upogebiidae', 'Upogebia']"
Scyllarides latus,"['Eukaryota', 'Metazoa', 'Ecdysozoa', 'Arthropoda', 'Crustacea', 'Malacostraca', 'Eumalacostraca', 'Eucarida', 'Decapoda', 'Pleocyemata', 'Achelata', 'Palinuroidea', 'Scyllaridae', 'Scyllarides']","['Eumalacostraca', 'Eucarida', 'Decapoda', 'Pleocyemata', 'Achelata', 'Palinuroidea', 'Scyllaridae', 'Scyllarides']"
Procambarus fallax,"['Eukaryota', 'Metazoa', 'Ecdysozoa', 'Arthropoda', 'Crustacea', 'Malacostraca', 'Eumalacostraca', 'Eucarida', 'Decapoda', 'Pleocyemata', 'Astacidea', 'Astacoidea', 'Cambaridae', 'Procambarus']","['Eumalacostraca', 'Eucarida', 'Decapoda', 'Pleocyemata', 'Astacidea', 'Astacoidea', 'Cambaridae', 'Procambarus']"
Homarus gammarus,"['Eukaryota', 'Metazoa', 'Ecdysozoa', 'Arthropoda', 'Crustacea', 'Malacostraca', 'Eumalacostraca', 'Eucarida', 'Decapoda', 'Pleocyemata', 'Astacidea', 'Nephropoidea', 'Nephropidae', 'Homarus']","['Eumalacostraca', 'Eucarida', 'Decapoda', 'Pleocyemata', 'Astacidea', 'Nephropoidea', 'Nephropidae', 'Homarus']"
Stenopus hispidus,"['Eukaryota', 'Metazoa', 'Ecdysozoa', 'Arthropoda', 'Crustacea', 'Malacostraca', 'Eumalacostraca', 'Eucarida', 'Decapoda', 'Pleocyemata', 'Stenopodidea', 'Stenopodidae', 'Stenopus']","['Eumalacostraca', 'Eucarida', 'Decapoda', 'Pleocyemata', 'Stenopodidea', 'Stenopodidae', 'Stenopus']"
Scylla paramamosain,"['Eukaryota', 'Metazoa', 'Ecdysozoa', 'Arthropoda', 'Crustacea', 'Malacostraca', 'Eumalacostraca', 'Eucarida', 'Decapoda', 'Pleocyemata', 'Brachyura', 'Eubrachyura', 'Portunoidea', 'Portunidae', 'Scylla']","['Eumalacostraca', 'Eucarida', 'Decapoda', 'Pleocyemata', 'Brachyura', 'Eubrachyura', 'Portunoidea', 'Portunidae', 'Scylla']"
Austinograea alayseae,"['Eukaryota', 'Metazoa', 'Ecdysozoa', 'Arthropoda', 'Crustacea', 'Malacostraca', 'Eumalacostraca', 'Eucarida', 'Decapoda', 'Pleocyemata', 'Brachyura', 'Eubrachyura', 'Bythograeoidea', 'Bythograeidae', 'Austinograea']","['Eumalacostraca', 'Eucarida', 'Decapoda', 'Pleocyemata', 'Brachyura', 'Eubrachyura', 'Bythograeoidea', 'Bythograeidae', 'Austinograea']"
Alvinocaris longirostris,"['Eukaryota', 'Metazoa', 'Ecdysozoa', 'Arthropoda', 'Crustacea', 'Malacostraca', 'Eumalacostraca', 'Eucarida', 'Decapoda', 'Pleocyemata', 'Caridea', 'Bresilioidea', 'Alvinocarididae', 'Alvinocaris']","['Eumalacostraca', 'Eucarida', 'Decapoda', 'Pleocyemata', 'Caridea', 'Bresilioidea', 'Alvinocarididae', 'Alvinocaris']"
Austinograea rodriguezensis,"['Eukaryota', 'Metazoa', 'Ecdysozoa', 'Arthropoda', 'Crustacea', 'Malacostraca', 'Eumalacostraca', 'Eucarida', 'Decapoda', 'Pleocyemata', 'Brachyura', 'Eubrachyura', 'Bythograeoidea', 'Bythograeidae', 'Austinograea']","['Eumalacostraca', 'Eucarida', 'Decapoda', 'Pleocyemata', 'Brachyura', 'Eubrachyura', 'Bythograeoidea', 'Bythograeidae', 'Austinograea']"
Opaepele loihi,"['Eukaryota', 'Metazoa', 'Ecdysozoa', 'Arthropoda', 'Crustacea', 'Malacostraca', 'Eumalacostraca', 'Eucarida', 'Decapoda', 'Pleocyemata', 'Caridea', 'Bresilioidea', 'Alvinocarididae', 'Opaepele']","['Eumalacostraca', 'Eucarida', 'Decapoda', 'Pleocyemata', 'Caridea', 'Bresilioidea', 'Alvinocarididae', 'Opaepele']"
Rimicaris kairei,"['Eukaryota', 'Metazoa', 'Ecdysozoa', 'Arthropoda', 'Crustacea', 'Malacostraca', 'Eumalacostraca', 'Eucarida', 'Decapoda', 'Pleocyemata', 'Caridea', 'Bresilioidea', 'Alvinocarididae', 'Rimicaris']","['Eumalacostraca', 'Eucarida', 'Decapoda', 'Pleocyemata', 'Caridea', 'Bresilioidea', 'Alvinocarididae', 'Rimicaris']"
Nihonotrypaea thermophila,"['Eukaryota', 'Metazoa', 'Ecdysozoa', 'Arthropoda', 'Crustacea', 'Malacostraca', 'Eumalacostraca', 'Eucarida', 'Decapoda', 'Pleocyemata', 'Axiidea', 'Callianassidae', 'Nihonotrypaea']","['Eumalacostraca', 'Eucarida', 'Decapoda', 'Pleocyemata', 'Axiidea', 'Callianassidae', 'Nihonotrypaea']"
Neaxius glyptocercus,"['Eukaryota', 'Metazoa', 'Ecdysozoa', 'Arthropoda', 'Crustacea', 'Malacostraca', 'Eumalacostraca', 'Eucarida', 'Decapoda', 'Pleocyemata', 'Axiidea', 'Strahlaxiidae', 'Neaxius']","['Eumalacostraca', 'Eucarida', 'Decapoda', 'Pleocyemata', 'Axiidea', 'Strahlaxiidae', 'Neaxius']"
Thalassina kelanang,"['Eukaryota', 'Metazoa', 'Ecdysozoa', 'Arthropoda', 'Crustacea', 'Malacostraca', 'Eumalacostraca', 'Eucarida', 'Decapoda', 'Pleocyemata', 'Gebiidea', 'Thalassinidae', 'Thalassina']","['Eumalacostraca', 'Eucarida', 'Decapoda', 'Pleocyemata', 'Gebiidea', 'Thalassinidae', 'Thalassina']"
Upogebia major,"['Eukaryota', 'Metazoa', 'Ecdysozoa', 'Arthropoda', 'Crustacea', 'Malacostraca', 'Eumalacostraca', 'Eucarida', 'Decapoda', 'Pleocyemata', 'Gebiidea', 'Upogebiidae', 'Upogebia']","['Eumalacostraca', 'Eucarida', 'Decapoda', 'Pleocyemata', 'Gebiidea', 'Upogebiidae', 'Upogebia']"
Austinogebia edulis,"['Eukaryota', 'Metazoa', 'Ecdysozoa', 'Arthropoda', 'Crustacea', 'Malacostraca', 'Eumalacostraca', 'Eucarida', 'Decapoda', 'Pleocyemata', 'Gebiidea', 'Upogebiidae', 'Austinogebia']","['Eumalacostraca', 'Eucarida', 'Decapoda', 'Pleocyemata', 'Gebiidea', 'Upogebiidae', 'Austinogebia']"
Alvinocaris chelys,"['Eukaryota', 'Metazoa', 'Ecdysozoa', 'Arthropoda', 'Crustacea', 'Malacostraca', 'Eumalacostraca', 'Eucarida', 'Decapoda', 'Pleocyemata', 'Caridea', 'Bresilioidea', 'Alvinocarididae', 'Alvinocaris']","['Eumalacostraca', 'Eucarida', 'Decapoda', 'Pleocyemata', 'Caridea', 'Bresilioidea', 'Alvinocarididae', 'Alvinocaris']"
Metacrangonyx repens,"['Eukaryota', 'Metazoa', 'Ecdysozoa', 'Arthropoda', 'Crustacea', 'Malacostraca', 'Eumalacostraca', 'Peracarida', 'Amphipoda', 'Senticaudata', 'Hadziida', 'Hadzioidea', 'Metacrangonyctidae', 'Metacrangonyx']","['Eumalacostraca', 'Peracarida', 'Amphipoda', 'Senticaudata', 'Hadziida', 'Hadzioidea', 'Metacrangonyctidae', 'Metacrangonyx']"
Bahadzia jaraguensis,"['Eukaryota', 'Metazoa', 'Ecdysozoa', 'Arthropoda', 'Crustacea', 'Malacostraca', 'Eumalacostraca', 'Peracarida', 'Amphipoda', 'Senticaudata', 'Hadziida', 'Hadzioidea', 'Hadziidae', 'Bahadzia']","['Eumalacostraca', 'Peracarida', 'Amphipoda', 'Senticaudata', 'Hadziida', 'Hadzioidea', 'Hadziidae', 'Bahadzia']"
Metacrangonyx remyi,"['Eukaryota', 'Metazoa', 'Ecdysozoa', 'Arthropoda', 'Crustacea', 'Malacostraca', 'Eumalacostraca', 'Peracarida', 'Amphipoda', 'Senticaudata', 'Hadziida', 'Hadzioidea', 'Metacrangonyctidae', 'Metacrangonyx']","['Eumalacostraca', 'Peracarida', 'Amphipoda', 'Senticaudata', 'Hadziida', 'Hadzioidea', 'Metacrangonyctidae', 'Metacrangonyx']"
Metacrangonyx panousei,"['Eukaryota', 'Metazoa', 'Ecdysozoa', 'Arthropoda', 'Crustacea', 'Malacostraca', 'Eumalacostraca', 'Peracarida', 'Amphipoda', 'Senticaudata', 'Hadziida', 'Hadzioidea', 'Metacrangonyctidae', 'Metacrangonyx']","['Eumalacostraca', 'Peracarida', 'Amphipoda', 'Senticaudata', 'Hadziida', 'Hadzioidea', 'Metacrangonyctidae', 'Metacrangonyx']"
Metacrangonyx longicaudus,"['Eukaryota', 'Metazoa', 'Ecdysozoa', 'Arthropoda', 'Crustacea', 'Malacostraca', 'Eumalacostraca', 'Peracarida', 'Amphipoda', 'Senticaudata', 'Hadziida', 'Hadzioidea', 'Metacrangonyctidae', 'Metacrangonyx']","['Eumalacostraca', 'Peracarida', 'Amphipoda', 'Senticaudata', 'Hadziida', 'Hadzioidea', 'Metacrangonyctidae', 'Metacrangonyx']"
Metacrangonyx spinicaudatus,"['Eukaryota', 'Metazoa', 'Ecdysozoa', 'Arthropoda', 'Crustacea', 'Malacostraca', 'Eumalacostraca', 'Peracarida', 'Amphipoda', 'Senticaudata', 'Hadziida', 'Hadzioidea', 'Metacrangonyctidae', 'Metacrangonyx']","['Eumalacostraca', 'Peracarida', 'Amphipoda', 'Senticaudata', 'Hadziida', 'Hadzioidea', 'Metacrangonyctidae', 'Metacrangonyx']"
Metacrangonyx ilvanus,"['Eukaryota', 'Metazoa', 'Ecdysozoa', 'Arthropoda', 'Crustacea', 'Malacostraca', 'Eumalacostraca', 'Peracarida', 'Amphipoda', 'Senticaudata', 'Hadziida', 'Hadzioidea', 'Metacrangonyctidae', 'Metacrangonyx']","['Eumalacostraca', 'Peracarida', 'Amphipoda', 'Senticaudata', 'Hadziida', 'Hadzioidea', 'Metacrangonyctidae', 'Metacrangonyx']"
Metacrangonyx goulmimensis,"['Eukaryota', 'Metazoa', 'Ecdysozoa', 'Arthropoda', 'Crustacea', 'Malacostraca', 'Eumalacostraca', 'Peracarida', 'Amphipoda', 'Senticaudata', 'Hadziida', 'Hadzioidea', 'Metacrangonyctidae', 'Metacrangonyx']","['Eumalacostraca', 'Peracarida', 'Amphipoda', 'Senticaudata', 'Hadziida', 'Hadzioidea', 'Metacrangonyctidae', 'Metacrangonyx']"
Metacrangonyx dominicanus,"['Eukaryota', 'Metazoa', 'Ecdysozoa', 'Arthropoda', 'Crustacea', 'Malacostraca', 'Eumalacostraca', 'Peracarida', 'Amphipoda', 'Senticaudata', 'Hadziida', 'Hadzioidea', 'Metacrangonyctidae', 'Metacrangonyx']","['Eumalacostraca', 'Peracarida', 'Amphipoda', 'Senticaudata', 'Hadziida', 'Hadzioidea', 'Metacrangonyctidae', 'Metacrangonyx']"
Lysiosquillina maculata,"['Eukaryota', 'Metazoa', 'Ecdysozoa', 'Arthropoda', 'Crustacea', 'Malacostraca', 'Eumalacostraca', 'Hoplocarida', 'Stomatopoda', 'Lysiosquillidae', 'Lysiosquillina']","['Eumalacostraca', 'Hoplocarida', 'Stomatopoda', 'Lysiosquillidae', 'Lysiosquillina']"
Metacrangonyx longipes,"['Eukaryota', 'Metazoa', 'Ecdysozoa', 'Arthropoda', 'Crustacea', 'Malacostraca', 'Eumalacostraca', 'Peracarida', 'Amphipoda', 'Senticaudata', 'Hadziida', 'Hadzioidea', 'Metacrangonyctidae', 'Metacrangonyx']","['Eumalacostraca', 'Peracarida', 'Amphipoda', 'Senticaudata', 'Hadziida', 'Hadzioidea', 'Metacrangonyctidae', 'Metacrangonyx']"
Metacrangonyx sp. 1 MDMBR-2012,"['Eukaryota', 'Metazoa', 'Ecdysozoa', 'Arthropoda', 'Crustacea', 'Malacostraca', 'Eumalacostraca', 'Peracarida', 'Amphipoda', 'Senticaudata', 'Hadziida', 'Hadzioidea', 'Metacrangonyctidae', 'Metacrangonyx']","['Eumalacostraca', 'Peracarida', 'Amphipoda', 'Senticaudata', 'Hadziida', 'Hadzioidea', 'Metacrangonyctidae', 'Metacrangonyx']"
Metacrangonyx sp. 3 ssp. 1 MDMBR-2012,"['Eukaryota', 'Metazoa', 'Ecdysozoa', 'Arthropoda', 'Crustacea', 'Malacostraca', 'Eumalacostraca', 'Peracarida', 'Amphipoda', 'Senticaudata', 'Hadziida', 'Hadzioidea', 'Metacrangonyctidae', 'Metacrangonyx']","['Eumalacostraca', 'Peracarida', 'Amphipoda', 'Senticaudata', 'Hadziida', 'Hadzioidea', 'Metacrangonyctidae', 'Metacrangonyx']"
Metacrangonyx goulmimensis,"['Eukaryota', 'Metazoa', 'Ecdysozoa', 'Arthropoda', 'Crustacea', 'Malacostraca', 'Eumalacostraca', 'Peracarida', 'Amphipoda', 'Senticaudata', 'Hadziida', 'Hadzioidea', 'Metacrangonyctidae', 'Metacrangonyx']","['Eumalacostraca', 'Peracarida', 'Amphipoda', 'Senticaudata', 'Hadziida', 'Hadzioidea', 'Metacrangonyctidae', 'Metacrangonyx']"
Metacrangonyx goulmimensis,"['Eukaryota', 'Metazoa', 'Ecdysozoa', 'Arthropoda', 'Crustacea', 'Malacostraca', 'Eumalacostraca', 'Peracarida', 'Amphipoda', 'Senticaudata', 'Hadziida', 'Hadzioidea', 'Metacrangonyctidae', 'Metacrangonyx']","['Eumalacostraca', 'Peracarida', 'Amphipoda', 'Senticaudata', 'Hadziida', 'Hadzioidea', 'Metacrangonyctidae', 'Metacrangonyx']"
Metacrangonyx sp. 4 MDMBR-2012,"['Eukaryota', 'Metazoa', 'Ecdysozoa', 'Arthropoda', 'Crustacea', 'Malacostraca', 'Eumalacostraca', 'Peracarida', 'Amphipoda', 'Senticaudata', 'Hadziida', 'Hadzioidea', 'Metacrangonyctidae', 'Metacrangonyx']","['Eumalacostraca', 'Peracarida', 'Amphipoda', 'Senticaudata', 'Hadziida', 'Hadzioidea', 'Metacrangonyctidae', 'Metacrangonyx']"
Scylla serrata,"['Eukaryota', 'Metazoa', 'Ecdysozoa', 'Arthropoda', 'Crustacea', 'Malacostraca', 'Eumalacostraca', 'Eucarida', 'Decapoda', 'Pleocyemata', 'Brachyura', 'Eubrachyura', 'Portunoidea', 'Portunidae', 'Scylla']","['Eumalacostraca', 'Eucarida', 'Decapoda', 'Pleocyemata', 'Brachyura', 'Eubrachyura', 'Portunoidea', 'Portunidae', 'Scylla']"
Stenopus hispidus,"['Eukaryota', 'Metazoa', 'Ecdysozoa', 'Arthropoda', 'Crustacea', 'Malacostraca', 'Eumalacostraca', 'Eucarida', 'Decapoda', 'Pleocyemata', 'Stenopodidea', 'Stenopodidae', 'Stenopus']","['Eumalacostraca', 'Eucarida', 'Decapoda', 'Pleocyemata', 'Stenopodidea', 'Stenopodidae', 'Stenopus']"
Gammarus duebeni,"['Eukaryota', 'Metazoa', 'Ecdysozoa', 'Arthropoda', 'Crustacea', 'Malacostraca', 'Eumalacostraca', 'Peracarida', 'Amphipoda', 'Senticaudata', 'Gammarida', 'Gammaridira', 'Gammaroidea', 'Gammaridae', 'Gammarus']","['Eumalacostraca', 'Peracarida', 'Amphipoda', 'Senticaudata', 'Gammarida', 'Gammaridira', 'Gammaroidea', 'Gammaridae', 'Gammarus']"
Acetes chinensis,"['Eukaryota', 'Metazoa', 'Ecdysozoa', 'Arthropoda', 'Crustacea', 'Malacostraca', 'Eumalacostraca', 'Eucarida', 'Decapoda', 'Dendrobranchiata', 'Sergestoidea', 'Sergestidae', 'Acetes']","['Eumalacostraca', 'Eucarida', 'Decapoda', 'Dendrobranchiata', 'Sergestoidea', 'Sergestidae', 'Acetes']"
Procambarus clarkii,"['Eukaryota', 'Metazoa', 'Ecdysozoa', 'Arthropoda', 'Crustacea', 'Malacostraca', 'Eumalacostraca', 'Eucarida', 'Decapoda', 'Pleocyemata', 'Astacidea', 'Astacoidea', 'Cambaridae', 'Procambarus']","['Eumalacostraca', 'Eucarida', 'Decapoda', 'Pleocyemata', 'Astacidea', 'Astacoidea', 'Cambaridae', 'Procambarus']"
Cambaroides similis,"['Eukaryota', 'Metazoa', 'Ecdysozoa', 'Arthropoda', 'Crustacea', 'Malacostraca', 'Eumalacostraca', 'Eucarida', 'Decapoda', 'Pleocyemata', 'Astacidea', 'Astacoidea', 'Cambaridae', 'Cambaroides']","['Eumalacostraca', 'Eucarida', 'Decapoda', 'Pleocyemata', 'Astacidea', 'Astacoidea', 'Cambaridae', 'Cambaroides']"
Euphausia pacifica,"['Eukaryota', 'Metazoa', 'Ecdysozoa', 'Arthropoda', 'Crustacea', 'Malacostraca', 'Eumalacostraca', 'Eucarida', 'Euphausiacea', 'Euphausiidae', 'Euphausia']","['Eumalacostraca', 'Eucarida', 'Euphausiacea', 'Euphausiidae', 'Euphausia']"
Panulirus homarus,"['Eukaryota', 'Metazoa', 'Ecdysozoa', 'Arthropoda', 'Crustacea', 'Malacostraca', 'Eumalacostraca', 'Eucarida', 'Decapoda', 'Pleocyemata', 'Achelata', 'Palinuroidea', 'Palinuridae', 'Panulirus']","['Eumalacostraca', 'Eucarida', 'Decapoda', 'Pleocyemata', 'Achelata', 'Palinuroidea', 'Palinuridae', 'Panulirus']"
Macrobrachium nipponense,"['Eukaryota', 'Metazoa', 'Ecdysozoa', 'Arthropoda', 'Crustacea', 'Malacostraca', 'Eumalacostraca', 'Eucarida', 'Decapoda', 'Pleocyemata', 'Caridea', 'Palaemonoidea', 'Palaemonidae', 'Macrobrachium']","['Eumalacostraca', 'Eucarida', 'Decapoda', 'Pleocyemata', 'Caridea', 'Palaemonoidea', 'Palaemonidae', 'Macrobrachium']"
Panulirus ornatus,"['Eukaryota', 'Metazoa', 'Ecdysozoa', 'Arthropoda', 'Crustacea', 'Malacostraca', 'Eumalacostraca', 'Eucarida', 'Decapoda', 'Pleocyemata', 'Achelata', 'Palinuroidea', 'Palinuridae', 'Panulirus']","['Eumalacostraca', 'Eucarida', 'Decapoda', 'Pleocyemata', 'Achelata', 'Palinuroidea', 'Palinuridae', 'Panulirus']"
Alpheus distinguendus,"['Eukaryota', 'Metazoa', 'Ecdysozoa', 'Arthropoda', 'Crustacea', 'Malacostraca', 'Eumalacostraca', 'Eucarida', 'Decapoda', 'Pleocyemata', 'Caridea', 'Alpheoidea', 'Alpheidae', 'Alpheus']","['Eumalacostraca', 'Eucarida', 'Decapoda', 'Pleocyemata', 'Caridea', 'Alpheoidea', 'Alpheidae', 'Alpheus']"
Caprella scaura,"['Eukaryota', 'Metazoa', 'Ecdysozoa', 'Arthropoda', 'Crustacea', 'Malacostraca', 'Eumalacostraca', 'Peracarida', 'Amphipoda', 'Senticaudata', 'Corophiida', 'Caprellidira', 'Caprelloidea', 'Caprellidae', 'Caprella']","['Eumalacostraca', 'Peracarida', 'Amphipoda', 'Senticaudata', 'Corophiida', 'Caprellidira', 'Caprelloidea', 'Caprellidae', 'Caprella']"
Caprella mutica,"['Eukaryota', 'Metazoa', 'Ecdysozoa', 'Arthropoda', 'Crustacea', 'Malacostraca', 'Eumalacostraca', 'Peracarida', 'Amphipoda', 'Senticaudata', 'Corophiida', 'Caprellidira', 'Caprelloidea', 'Caprellidae', 'Caprella']","['Eumalacostraca', 'Peracarida', 'Amphipoda', 'Senticaudata', 'Corophiida', 'Caprellidira', 'Caprelloidea', 'Caprellidae', 'Caprella']"
Oratosquilla oratoria,"['Eukaryota', 'Metazoa', 'Ecdysozoa', 'Arthropoda', 'Crustacea', 'Malacostraca', 'Eumalacostraca', 'Hoplocarida', 'Stomatopoda', 'Squillidae', 'Oratosquilla']","['Eumalacostraca', 'Hoplocarida', 'Stomatopoda', 'Squillidae', 'Oratosquilla']"
Panulirus stimpsoni,"['Eukaryota', 'Metazoa', 'Ecdysozoa', 'Arthropoda', 'Crustacea', 'Malacostraca', 'Eumalacostraca', 'Eucarida', 'Decapoda', 'Pleocyemata', 'Achelata', 'Palinuroidea', 'Palinuridae', 'Panulirus']","['Eumalacostraca', 'Eucarida', 'Decapoda', 'Pleocyemata', 'Achelata', 'Palinuroidea', 'Palinuridae', 'Panulirus']"
Eophreatoicus sp. 14 FK-2009,"['Eukaryota', 'Metazoa', 'Ecdysozoa', 'Arthropoda', 'Crustacea', 'Malacostraca', 'Eumalacostraca', 'Peracarida', 'Isopoda', 'Phreatoicidea', 'Phreatoicidae', 'Eophreatoicus']","['Eumalacostraca', 'Peracarida', 'Isopoda', 'Phreatoicidea', 'Phreatoicidae', 'Eophreatoicus']"
Onisimus nanseni,"['Eukaryota', 'Metazoa', 'Ecdysozoa', 'Arthropoda', 'Crustacea', 'Malacostraca', 'Eumalacostraca', 'Peracarida', 'Amphipoda', 'Gammaridea', 'Lysianassoidea', 'Lysianassidae', 'Onisimus']","['Eumalacostraca', 'Peracarida', 'Amphipoda', 'Gammaridea', 'Lysianassoidea', 'Lysianassidae', 'Onisimus']"
Gandalfus yunohana,"['Eukaryota', 'Metazoa', 'Ecdysozoa', 'Arthropoda', 'Crustacea', 'Malacostraca', 'Eumalacostraca', 'Eucarida', 'Decapoda', 'Pleocyemata', 'Brachyura', 'Eubrachyura', 'Bythograeoidea', 'Bythograeidae', 'Gandalfus']","['Eumalacostraca', 'Eucarida', 'Decapoda', 'Pleocyemata', 'Brachyura', 'Eubrachyura', 'Bythograeoidea', 'Bythograeidae', 'Gandalfus']"
Xenograpsus testudinatus,"['Eukaryota', 'Metazoa', 'Ecdysozoa', 'Arthropoda', 'Crustacea', 'Malacostraca', 'Eumalacostraca', 'Eucarida', 'Decapoda', 'Pleocyemata', 'Brachyura', 'Eubrachyura', 'Grapsoidea', 'Xenograpsidae', 'Xenograpsus']","['Eumalacostraca', 'Eucarida', 'Decapoda', 'Pleocyemata', 'Brachyura', 'Eubrachyura', 'Grapsoidea', 'Xenograpsidae', 'Xenograpsus']"
Charybdis japonica,"['Eukaryota', 'Metazoa', 'Ecdysozoa', 'Arthropoda', 'Crustacea', 'Malacostraca', 'Eumalacostraca', 'Eucarida', 'Decapoda', 'Pleocyemata', 'Brachyura', 'Eubrachyura', 'Portunoidea', 'Portunidae', 'Charybdis']","['Eumalacostraca', 'Eucarida', 'Decapoda', 'Pleocyemata', 'Brachyura', 'Eubrachyura', 'Portunoidea', 'Portunidae', 'Charybdis']"
Metacrangonyx longipes,"['Eukaryota', 'Metazoa', 'Ecdysozoa', 'Arthropoda', 'Crustacea', 'Malacostraca', 'Eumalacostraca', 'Peracarida', 'Amphipoda', 'Senticaudata', 'Hadziida', 'Hadzioidea', 'Metacrangonyctidae', 'Metacrangonyx']","['Eumalacostraca', 'Peracarida', 'Amphipoda', 'Senticaudata', 'Hadziida', 'Hadzioidea', 'Metacrangonyctidae', 'Metacrangonyx']"
Farfantepenaeus californiensis,"['Eukaryota', 'Metazoa', 'Ecdysozoa', 'Arthropoda', 'Crustacea', 'Malacostraca', 'Eumalacostraca', 'Eucarida', 'Decapoda', 'Dendrobranchiata', 'Penaeoidea', 'Penaeidae', 'Farfantepenaeus']","['Eumalacostraca', 'Eucarida', 'Decapoda', 'Dendrobranchiata', 'Penaeoidea', 'Penaeidae', 'Farfantepenaeus']"
Gonodactylus chiragra,"['Eukaryota', 'Metazoa', 'Ecdysozoa', 'Arthropoda', 'Crustacea', 'Malacostraca', 'Eumalacostraca', 'Hoplocarida', 'Stomatopoda', 'Gonodactylidae', 'Gonodactylus']","['Eumalacostraca', 'Hoplocarida', 'Stomatopoda', 'Gonodactylidae', 'Gonodactylus']"
Squilla empusa,"['Eukaryota', 'Metazoa', 'Ecdysozoa', 'Arthropoda', 'Crustacea', 'Malacostraca', 'Eumalacostraca', 'Hoplocarida', 'Stomatopoda', 'Squillidae', 'Squilla']","['Eumalacostraca', 'Hoplocarida', 'Stomatopoda', 'Squillidae', 'Squilla']"
Geothelphusa dehaani,"['Eukaryota', 'Metazoa', 'Ecdysozoa', 'Arthropoda', 'Crustacea', 'Malacostraca', 'Eumalacostraca', 'Eucarida', 'Decapoda', 'Pleocyemata', 'Brachyura', 'Eubrachyura', 'Potamoidea', 'Potamidae', 'Geothelphusa']","['Eumalacostraca', 'Eucarida', 'Decapoda', 'Pleocyemata', 'Brachyura', 'Eubrachyura', 'Potamoidea', 'Potamidae', 'Geothelphusa']"
Marsupenaeus japonicus,"['Eukaryota', 'Metazoa', 'Ecdysozoa', 'Arthropoda', 'Crustacea', 'Malacostraca', 'Eumalacostraca', 'Eucarida', 'Decapoda', 'Dendrobranchiata', 'Penaeoidea', 'Penaeidae', 'Marsupenaeus']","['Eumalacostraca', 'Eucarida', 'Decapoda', 'Dendrobranchiata', 'Penaeoidea', 'Penaeidae', 'Marsupenaeus']"
Eriocheir sinensis,"['Eukaryota', 'Metazoa', 'Ecdysozoa', 'Arthropoda', 'Crustacea', 'Malacostraca', 'Eumalacostraca', 'Eucarida', 'Decapoda', 'Pleocyemata', 'Brachyura', 'Eubrachyura', 'Grapsoidea', 'Varunidae', 'Eriocheir']","['Eumalacostraca', 'Eucarida', 'Decapoda', 'Pleocyemata', 'Brachyura', 'Eubrachyura', 'Grapsoidea', 'Varunidae', 'Eriocheir']"
Harpiosquilla harpax,"['Eukaryota', 'Metazoa', 'Ecdysozoa', 'Arthropoda', 'Crustacea', 'Malacostraca', 'Eumalacostraca', 'Hoplocarida', 'Stomatopoda', 'Squillidae', 'Harpiosquilla']","['Eumalacostraca', 'Hoplocarida', 'Stomatopoda', 'Squillidae', 'Harpiosquilla']"
Pseudocarcinus gigas,"['Eukaryota', 'Metazoa', 'Ecdysozoa', 'Arthropoda', 'Crustacea', 'Malacostraca', 'Eumalacostraca', 'Eucarida', 'Decapoda', 'Pleocyemata', 'Brachyura', 'Eubrachyura', 'Xanthoidea', 'Eriphiidae', 'Pseudocarcinus']","['Eumalacostraca', 'Eucarida', 'Decapoda', 'Pleocyemata', 'Brachyura', 'Eubrachyura', 'Xanthoidea', 'Eriphiidae', 'Pseudocarcinus']"
Macrobrachium rosenbergii,"['Eukaryota', 'Metazoa', 'Ecdysozoa', 'Arthropoda', 'Crustacea', 'Malacostraca', 'Eumalacostraca', 'Eucarida', 'Decapoda', 'Pleocyemata', 'Caridea', 'Palaemonoidea', 'Palaemonidae', 'Macrobrachium']","['Eumalacostraca', 'Eucarida', 'Decapoda', 'Pleocyemata', 'Caridea', 'Palaemonoidea', 'Palaemonidae', 'Macrobrachium']"
Callinectes sapidus,"['Eukaryota', 'Metazoa', 'Ecdysozoa', 'Arthropoda', 'Crustacea', 'Malacostraca', 'Eumalacostraca', 'Eucarida', 'Decapoda', 'Pleocyemata', 'Brachyura', 'Eubrachyura', 'Portunoidea', 'Portunidae', 'Callinectes']","['Eumalacostraca', 'Eucarida', 'Decapoda', 'Pleocyemata', 'Brachyura', 'Eubrachyura', 'Portunoidea', 'Portunidae', 'Callinectes']"
Cherax destructor,"['Eukaryota', 'Metazoa', 'Ecdysozoa', 'Arthropoda', 'Crustacea', 'Malacostraca', 'Eumalacostraca', 'Eucarida', 'Decapoda', 'Pleocyemata', 'Astacidea', 'Parastacoidea', 'Parastacidae', 'Cherax']","['Eumalacostraca', 'Eucarida', 'Decapoda', 'Pleocyemata', 'Astacidea', 'Parastacoidea', 'Parastacidae', 'Cherax']"
Portunus trituberculatus,"['Eukaryota', 'Metazoa', 'Ecdysozoa', 'Arthropoda', 'Crustacea', 'Malacostraca', 'Eumalacostraca', 'Eucarida', 'Decapoda', 'Pleocyemata', 'Brachyura', 'Eubrachyura', 'Portunoidea', 'Portunidae', 'Portunus']","['Eumalacostraca', 'Eucarida', 'Decapoda', 'Pleocyemata', 'Brachyura', 'Eubrachyura', 'Portunoidea', 'Portunidae', 'Portunus']"
Penaeus monodon,"['Eukaryota', 'Metazoa', 'Ecdysozoa', 'Arthropoda', 'Crustacea', 'Malacostraca', 'Eumalacostraca', 'Eucarida', 'Decapoda', 'Dendrobranchiata', 'Penaeoidea', 'Penaeidae', 'Penaeus']","['Eumalacostraca', 'Eucarida', 'Decapoda', 'Dendrobranchiata', 'Penaeoidea', 'Penaeidae', 'Penaeus']"
Scylla tranquebarica,"['Eukaryota', 'Metazoa', 'Ecdysozoa', 'Arthropoda', 'Crustacea', 'Malacostraca', 'Eumalacostraca', 'Eucarida', 'Decapoda', 'Pleocyemata', 'Brachyura', 'Eubrachyura', 'Portunoidea', 'Portunidae', 'Scylla']","['Eumalacostraca', 'Eucarida', 'Decapoda', 'Pleocyemata', 'Brachyura', 'Eubrachyura', 'Portunoidea', 'Portunidae', 'Scylla']"
Palaemon carinicauda,"['Eukaryota', 'Metazoa', 'Ecdysozoa', 'Arthropoda', 'Crustacea', 'Malacostraca', 'Eumalacostraca', 'Eucarida', 'Decapoda', 'Pleocyemata', 'Caridea', 'Palaemonoidea', 'Palaemonidae', 'Palaemon']","['Eumalacostraca', 'Eucarida', 'Decapoda', 'Pleocyemata', 'Caridea', 'Palaemonoidea', 'Palaemonidae', 'Palaemon']"
Scylla paramamosain,"['Eukaryota', 'Metazoa', 'Ecdysozoa', 'Arthropoda', 'Crustacea', 'Malacostraca', 'Eumalacostraca', 'Eucarida', 'Decapoda', 'Pleocyemata', 'Brachyura', 'Eubrachyura', 'Portunoidea', 'Portunidae', 'Scylla']","['Eumalacostraca', 'Eucarida', 'Decapoda', 'Pleocyemata', 'Brachyura', 'Eubrachyura', 'Portunoidea', 'Portunidae', 'Scylla']"
Scylla olivacea,"['Eukaryota', 'Metazoa', 'Ecdysozoa', 'Arthropoda', 'Crustacea', 'Malacostraca', 'Eumalacostraca', 'Eucarida', 'Decapoda', 'Pleocyemata', 'Brachyura', 'Eubrachyura', 'Portunoidea', 'Portunidae', 'Scylla']","['Eumalacostraca', 'Eucarida', 'Decapoda', 'Pleocyemata', 'Brachyura', 'Eubrachyura', 'Portunoidea', 'Portunidae', 'Scylla']"
Scylla serrata,"['Eukaryota', 'Metazoa', 'Ecdysozoa', 'Arthropoda', 'Crustacea', 'Malacostraca', 'Eumalacostraca', 'Eucarida', 'Decapoda', 'Pleocyemata', 'Brachyura', 'Eubrachyura', 'Portunoidea', 'Portunidae', 'Scylla']","['Eumalacostraca', 'Eucarida', 'Decapoda', 'Pleocyemata', 'Brachyura', 'Eubrachyura', 'Portunoidea', 'Portunidae', 'Scylla']"
Litopenaeus stylirostris,"['Eukaryota', 'Metazoa', 'Ecdysozoa', 'Arthropoda', 'Crustacea', 'Malacostraca', 'Eumalacostraca', 'Eucarida', 'Decapoda', 'Dendrobranchiata', 'Penaeoidea', 'Penaeidae', 'Litopenaeus']","['Eumalacostraca', 'Eucarida', 'Decapoda', 'Dendrobranchiata', 'Penaeoidea', 'Penaeidae', 'Litopenaeus']"
Fenneropenaeus chinensis,"['Eukaryota', 'Metazoa', 'Ecdysozoa', 'Arthropoda', 'Crustacea', 'Malacostraca', 'Eumalacostraca', 'Eucarida', 'Decapoda', 'Dendrobranchiata', 'Penaeoidea', 'Penaeidae', 'Fenneropenaeus']","['Eumalacostraca', 'Eucarida', 'Decapoda', 'Dendrobranchiata', 'Penaeoidea', 'Penaeidae', 'Fenneropenaeus']"
Litopenaeus vannamei,"['Eukaryota', 'Metazoa', 'Ecdysozoa', 'Arthropoda', 'Crustacea', 'Malacostraca', 'Eumalacostraca', 'Eucarida', 'Decapoda', 'Dendrobranchiata', 'Penaeoidea', 'Penaeidae', 'Litopenaeus']","['Eumalacostraca', 'Eucarida', 'Decapoda', 'Dendrobranchiata', 'Penaeoidea', 'Penaeidae', 'Litopenaeus']"
Halocaridina rubra,"['Eukaryota', 'Metazoa', 'Ecdysozoa', 'Arthropoda', 'Crustacea', 'Malacostraca', 'Eumalacostraca', 'Eucarida', 'Decapoda', 'Pleocyemata', 'Caridea', 'Atyoidea', 'Atyidae', 'Halocaridina']","['Eumalacostraca', 'Eucarida', 'Decapoda', 'Pleocyemata', 'Caridea', 'Atyoidea', 'Atyidae', 'Halocaridina']"
Ligia oceanica,"['Eukaryota', 'Metazoa', 'Ecdysozoa', 'Arthropoda', 'Crustacea', 'Malacostraca', 'Eumalacostraca', 'Peracarida', 'Isopoda', 'Oniscidea', 'Diplocheta', 'Ligiidae', 'Ligia']","['Eumalacostraca', 'Peracarida', 'Isopoda', 'Oniscidea', 'Diplocheta', 'Ligiidae', 'Ligia']"
Panulirus japonicus,"['Eukaryota', 'Metazoa', 'Ecdysozoa', 'Arthropoda', 'Crustacea', 'Malacostraca', 'Eumalacostraca', 'Eucarida', 'Decapoda', 'Pleocyemata', 'Achelata', 'Palinuroidea', 'Palinuridae', 'Panulirus']","['Eumalacostraca', 'Eucarida', 'Decapoda', 'Pleocyemata', 'Achelata', 'Palinuroidea', 'Palinuridae', 'Panulirus']"
Upogebia major,"['Eukaryota', 'Metazoa', 'Ecdysozoa', 'Arthropoda', 'Crustacea', 'Malacostraca', 'Eumalacostraca', 'Eucarida', 'Decapoda', 'Pleocyemata', 'Gebiidea', 'Upogebiidae', 'Upogebia']","['Eumalacostraca', 'Eucarida', 'Decapoda', 'Pleocyemata', 'Gebiidea', 'Upogebiidae', 'Upogebia']"
